0,0,0
0,0,0
0,0,0
0,0,1
0,0,1
0,0,1
0,0,1
0,0,1
0,0,1
0,0,1
0,0,1
0,0,1
0,0,1
0,0,1
0,0,1
0,0,1
0,0,1
0,0,1
0,0,1
0,0,1
0,0,1
0,0,1
0,0,1
0,0,1
0,0,1
0,0,2
0,0,2
0,0,2
0,0,2
0,0,2
0,0,2
0,0,2
0,0,2
0,0,2
0,0,2
0,0,2
0,0,2
0,0,2
0,0,2
0,0,2
0,0,2
0,0,2
0,0,2
0,0,2
0,0,2
0,0,2
0,0,2
0,0,2
0,0,2
0,0,2
0,0,2
0,0,2
0,0,2
0,0,2
0,0,2
0,0,2
0,0,2
0,0,2
0,0,2
0,0,2
0,0,2
0,0,2
0,0,2
0,0,2
0,0,2
0,0,2
0,0,2
0,0,2
0,0,2
0,0,2
0,0,2
0,0,2
0,0,2
0,0,2
0,0,2
0,0,2
0,0,2
0,0,2
0,0,2
0,0,2
0,0,2
0,0,2
0,0,2
0,0,2
0,0,2
0,0,2
0,0,2
0,0,2
0,0,2
0,0,2
0,0,2
0,0,2
0,0,2
0,0,2
0,0,2
0,0,2
0,0,2
0,0,2
0,0,2
0,0,2
0,0,2
0,0,2
0,0,2
0,0,2
0,0,3
0,0,3
0,0,3
0,0,3
0,0,4
0,0,25
0,0,100
0,0,100
0,0,300
0,0,750
0,0,761
0,1,0
0,1,1
0,1,1
0,1,1
0,1,1
0,1,1
0,1,1
0,1,1
0,1,1
0,1,1
0,1,1
0,1,1
0,1,1
0,1,1
0,1,1
0,1,1
0,1,2
0,1,2
0,1,2
0,1,2
0,1,2
0,1,2
0,1,2
0,1,2
0,1,2
0,1,2
0,1,2
0,1,2
0,1,2
0,1,2
0,1,2
0,1,2
0,1,2
0,1,2
0,1,2
0,1,2
0,1,2
0,1,2
0,1,2
0,1,2
0,1,2
0,1,2
0,1,2
0,1,2
0,1,2
0,1,2
0,1,2
0,1,2
0,1,2
0,1,2
0,1,2
0,1,2
0,1,2
0,1,2
0,1,2
0,1,2
0,1,2
0,1,2
0,1,2
0,1,2
0,1,2
0,1,2
0,1,2
0,1,2
0,1,2
0,1,2
0,1,2
0,1,2
0,1,2
0,1,2
0,1,2
0,1,2
0,1,2
0,1,2
0,1,2
0,1,2
0,1,2
0,1,2
0,1,2
0,1,2
0,1,2
0,1,2
0,1,2
0,1,2
0,1,2
0,1,2
0,1,2
0,1,2
0,1,2
0,1,2
0,1,2
0,1,2
0,1,2
0,1,2
0,1,2
0,1,2
0,1,2
0,1,2
0,1,2
0,1,2
0,1,2
0,1,2
0,1,2
0,2,2
0,2,2
0,2,2
0,2,2
0,2,2
0,2,2
0,2,2
0,2,2
0,2,2
0,2,2
0,2,2
0,2,2
0,2,2
0,2,2
0,2,2
0,2,2
0,2,2
0,2,2
0,2,2
0,2,2
0,2,2
0,2,2
0,2,2
0,2,2
0,2,2
0,2,2
0,2,2
0,2,2
0,2,2
0,2,2
0,2,2
0,2,2
0,2,2
0,2,2
0,2,2
0,2,2
0,2,2
0,2,2
0,2,2
0,2,2
0,2,2
0,2,2
0,2,2
0,2,2
0,2,2
0,2,2
0,2,2
0,2,2
0,2,2
0,2,2
0,2,2
0,2,2
0,2,2
0,2,2
0,2,2
0,2,2
0,2,2
0,2,2
0,2,2
0,2,2
0,2,2
0,2,2
0,2,2
0,2,2
0,2,2
0,2,2
0,2,2
0,2,2
0,2,3
0,3,0
0,3,0
0,3,0
0,3,0
0,3,1
0,3,2
0,3,2
0,3,4
0,3,1147
0,3,1300
1,1,1
1,1,1
1,1,1
1,1,1
1,1,5
1,1,13
1,1,20
1,1,40
1,1,54
1,1,60
1,1,80
1,1,80
1,1,80
1,1,90
1,1,100
1,1,100
1,1,100
1,1,100
1,1,100
1,1,100
1,1,100
1,1,100
1,1,100
1,1,100
1,1,100
1,1,100
1,1,100
1,1,100
1,1,100
1,1,100
1,1,100
1,1,100
1,1,100
1,1,100
1,1,100
1,1,100
1,1,100
1,1,100
1,1,100
1,1,100
1,1,100
1,1,111
1,1,120
1,1,120
1,1,120
1,1,120
1,1,130
1,1,130
1,1,130
1,1,130
1,1,130
1,1,150
1,1,150
1,1,150
1,1,150
1,1,150
1,1,150
1,1,160
1,1,175
1,1,180
1,1,180
1,1,200
1,1,200
1,1,200
1,1,200
1,1,200
1,1,200
1,1,200
1,1,200
1,1,200
1,1,200
1,1,200
1,1,200
1,1,200
1,1,200
1,1,200
1,1,200
1,1,200
1,1,220
1,1,238
1,1,239
1,1,239
1,1,239
1,1,239
1,1,239
1,1,239
1,1,239
1,1,239
1,1,239
1,1,239
1,1,240
1,1,240
1,1,240
1,1,240
1,1,240
1,1,245
1,1,250
1,1,250
1,1,250
1,1,250
1,1,250
1,1,250
1,1,250
1,1,250
1,1,250
1,1,250
1,1,250
1,1,250
1,1,250
1,1,250
1,1,250
1,1,250
1,1,250
1,1,250
1,1,250
1,1,250
1,1,250
1,1,250
1,1,252
1,1,260
1,1,260
1,1,277
1,1,280
1,1,280
1,1,280
1,1,282
1,1,300
1,1,300
1,1,300
1,1,300
1,1,300
1,1,300
1,1,300
1,1,300
1,1,300
1,1,300
1,1,300
1,1,300
1,1,300
1,1,300
1,1,300
1,1,300
1,1,300
1,1,300
1,1,300
1,1,300
1,1,300
1,1,300
1,1,300
1,1,300
1,1,300
1,1,300
1,1,300
1,1,300
1,1,300
1,1,300
1,1,300
1,1,300
1,1,300
1,1,300
1,1,300
1,1,300
1,1,300
1,1,300
1,1,300
1,1,300
1,1,300
1,1,300
1,1,300
1,1,300
1,1,300
1,1,300
1,1,300
1,1,301
1,1,301
1,1,301
1,1,301
1,1,301
1,1,301
1,1,301
1,1,301
1,1,301
1,1,301
1,1,301
1,1,301
1,1,301
1,1,301
1,1,320
1,1,320
1,1,320
1,1,320
1,1,320
1,1,320
1,1,320
1,1,320
1,1,320
1,1,320
1,1,325
1,1,325
1,1,325
1,1,340
1,1,341
1,1,344
1,1,345
1,1,345
1,1,350
1,1,350
1,1,350
1,1,350
1,1,350
1,1,350
1,1,350
1,1,350
1,1,350
1,1,350
1,1,350
1,1,350
1,1,350
1,1,350
1,1,350
1,1,350
1,1,350
1,1,350
1,1,350
1,1,350
1,1,350
1,1,350
1,1,350
1,1,350
1,1,350
1,1,350
1,1,350
1,1,350
1,1,350
1,1,350
1,1,350
1,1,350
1,1,350
1,1,350
1,1,350
1,1,351
1,1,351
1,1,351
1,1,351
1,1,358
1,1,358
1,1,359
1,1,359
1,1,360
1,1,360
1,1,363
1,1,363
1,1,363
1,1,363
1,1,363
1,1,363
1,1,366
1,1,370
1,1,374
1,1,380
1,1,380
1,1,380
1,1,380
1,1,380
1,1,380
1,1,382
1,1,382
1,1,382
1,1,384
1,1,384
1,1,384
1,1,385
1,1,385
1,1,385
1,1,400
1,1,400
1,1,400
1,1,400
1,1,400
1,1,400
1,1,400
1,1,400
1,1,400
1,1,400
1,1,400
1,1,400
1,1,400
1,1,400
1,1,400
1,1,400
1,1,400
1,1,400
1,1,400
1,1,400
1,1,400
1,1,400
1,1,404
1,1,406
1,1,406
1,1,410
1,1,410
1,1,410
1,1,410
1,1,411
1,1,411
1,1,411
1,1,416
1,1,418
1,1,418
1,1,420
1,1,420
1,1,420
1,1,420
1,1,420
1,1,420
1,1,420
1,1,421
1,1,421
1,1,421
1,1,421
1,1,421
1,1,421
1,1,421
1,1,421
1,1,421
1,1,421
1,1,425
1,1,425
1,1,425
1,1,429
1,1,429
1,1,430
1,1,430
1,1,430
1,1,430
1,1,430
1,1,430
1,1,430
1,1,430
1,1,435
1,1,436
1,1,436
1,1,438
1,1,439
1,1,439
1,1,440
1,1,440
1,1,440
1,1,440
1,1,440
1,1,440
1,1,440
1,1,440
1,1,440
1,1,440
1,1,440
1,1,440
1,1,440
1,1,440
1,1,441
1,1,441
1,1,442
1,1,446
1,1,446
1,1,446
1,1,446
1,1,447
1,1,448
1,1,448
1,1,448
1,1,448
1,1,448
1,1,448
1,1,449
1,1,449
1,1,449
1,1,450
1,1,450
1,1,450
1,1,450
1,1,450
1,1,450
1,1,450
1,1,450
1,1,450
1,1,450
1,1,450
1,1,450
1,1,450
1,1,450
1,1,450
1,1,450
1,1,450
1,1,450
1,1,450
1,1,450
1,1,450
1,1,450
1,1,450
1,1,450
1,1,450
1,1,450
1,1,450
1,1,450
1,1,450
1,1,450
1,1,450
1,1,450
1,1,450
1,1,450
1,1,450
1,1,450
1,1,450
1,1,450
1,1,450
1,1,450
1,1,450
1,1,450
1,1,450
1,1,450
1,1,450
1,1,450
1,1,450
1,1,450
1,1,450
1,1,450
1,1,450
1,1,450
1,1,450
1,1,450
1,1,450
1,1,450
1,1,450
1,1,450
1,1,450
1,1,450
1,1,450
1,1,450
1,1,450
1,1,450
1,1,450
1,1,450
1,1,450
1,1,450
1,1,450
1,1,450
1,1,450
1,1,450
1,1,450
1,1,450
1,1,450
1,1,450
1,1,450
1,1,450
1,1,450
1,1,450
1,1,450
1,1,450
1,1,450
1,1,450
1,1,450
1,1,450
1,1,450
1,1,450
1,1,450
1,1,450
1,1,450
1,1,450
1,1,450
1,1,450
1,1,450
1,1,450
1,1,450
1,1,450
1,1,450
1,1,450
1,1,450
1,1,450
1,1,450
1,1,450
1,1,450
1,1,450
1,1,450
1,1,450
1,1,450
1,1,450
1,1,450
1,1,450
1,1,450
1,1,450
1,1,450
1,1,450
1,1,450
1,1,450
1,1,450
1,1,450
1,1,450
1,1,450
1,1,450
1,1,450
1,1,450
1,1,450
1,1,450
1,1,450
1,1,450
1,1,450
1,1,450
1,1,450
1,1,450
1,1,450
1,1,450
1,1,450
1,1,450
1,1,450
1,1,450
1,1,450
1,1,450
1,1,450
1,1,450
1,1,450
1,1,450
1,1,450
1,1,450
1,1,450
1,1,450
1,1,450
1,1,450
1,1,450
1,1,450
1,1,450
1,1,450
1,1,450
1,1,450
1,1,450
1,1,450
1,1,450
1,1,450
1,1,450
1,1,450
1,1,450
1,1,450
1,1,450
1,1,450
1,1,450
1,1,450
1,1,450
1,1,450
1,1,450
1,1,450
1,1,450
1,1,450
1,1,450
1,1,450
1,1,450
1,1,450
1,1,450
1,1,450
1,1,450
1,1,450
1,1,450
1,1,450
1,1,450
1,1,450
1,1,450
1,1,450
1,1,450
1,1,450
1,1,450
1,1,450
1,1,450
1,1,450
1,1,450
1,1,450
1,1,450
1,1,450
1,1,450
1,1,450
1,1,450
1,1,450
1,1,450
1,1,450
1,1,450
1,1,450
1,1,450
1,1,450
1,1,450
1,1,450
1,1,450
1,1,450
1,1,450
1,1,450
1,1,450
1,1,450
1,1,450
1,1,450
1,1,450
1,1,450
1,1,450
1,1,450
1,1,450
1,1,450
1,1,450
1,1,450
1,1,450
1,1,450
1,1,450
1,1,450
1,1,450
1,1,450
1,1,450
1,1,450
1,1,450
1,1,450
1,1,450
1,1,450
1,1,450
1,1,450
1,1,450
1,1,450
1,1,450
1,1,450
1,1,450
1,1,450
1,1,450
1,1,450
1,1,450
1,1,450
1,1,450
1,1,450
1,1,450
1,1,450
1,1,450
1,1,450
1,1,450
1,1,450
1,1,450
1,1,450
1,1,450
1,1,450
1,1,450
1,1,450
1,1,450
1,1,450
1,1,450
1,1,450
1,1,450
1,1,450
1,1,450
1,1,450
1,1,450
1,1,450
1,1,450
1,1,450
1,1,450
1,1,450
1,1,450
1,1,450
1,1,450
1,1,450
1,1,450
1,1,450
1,1,450
1,1,450
1,1,450
1,1,450
1,1,450
1,1,450
1,1,450
1,1,450
1,1,450
1,1,450
1,1,450
1,1,450
1,1,450
1,1,450
1,1,450
1,1,450
1,1,450
1,1,450
1,1,450
1,1,450
1,1,450
1,1,450
1,1,450
1,1,450
1,1,450
1,1,450
1,1,450
1,1,450
1,1,450
1,1,450
1,1,450
1,1,450
1,1,450
1,1,450
1,1,450
1,1,450
1,1,450
1,1,450
1,1,450
1,1,450
1,1,450
1,1,450
1,1,450
1,1,450
1,1,450
1,1,452
1,1,452
1,1,452
1,1,452
1,1,452
1,1,452
1,1,452
1,1,452
1,1,452
1,1,452
1,1,452
1,1,452
1,1,454
1,1,454
1,1,454
1,1,454
1,1,454
1,1,454
1,1,454
1,1,454
1,1,454
1,1,454
1,1,454
1,1,454
1,1,454
1,1,454
1,1,454
1,1,454
1,1,454
1,1,454
1,1,454
1,1,455
1,1,455
1,1,455
1,1,455
1,1,455
1,1,455
1,1,456
1,1,456
1,1,458
1,1,460
1,1,460
1,1,460
1,1,460
1,1,460
1,1,460
1,1,460
1,1,460
1,1,460
1,1,460
1,1,460
1,1,460
1,1,460
1,1,460
1,1,460
1,1,460
1,1,460
1,1,460
1,1,462
1,1,462
1,1,462
1,1,463
1,1,463
1,1,463
1,1,463
1,1,463
1,1,463
1,1,463
1,1,463
1,1,463
1,1,463
1,1,464
1,1,464
1,1,465
1,1,465
1,1,465
1,1,465
1,1,465
1,1,465
1,1,465
1,1,465
1,1,465
1,1,465
1,1,466
1,1,466
1,1,466
1,1,466
1,1,466
1,1,466
1,1,466
1,1,466
1,1,466
1,1,466
1,1,466
1,1,466
1,1,466
1,1,466
1,1,466
1,1,466
1,1,466
1,1,466
1,1,466
1,1,466
1,1,466
1,1,466
1,1,468
1,1,468
1,1,468
1,1,468
1,1,470
1,1,470
1,1,470
1,1,470
1,1,470
1,1,470
1,1,470
1,1,470
1,1,471
1,1,471
1,1,473
1,1,475
1,1,475
1,1,475
1,1,475
1,1,475
1,1,475
1,1,475
1,1,475
1,1,477
1,1,477
1,1,477
1,1,477
1,1,477
1,1,477
1,1,477
1,1,477
1,1,477
1,1,477
1,1,477
1,1,477
1,1,477
1,1,478
1,1,478
1,1,478
1,1,478
1,1,480
1,1,480
1,1,480
1,1,480
1,1,480
1,1,480
1,1,480
1,1,480
1,1,480
1,1,480
1,1,480
1,1,480
1,1,481
1,1,482
1,1,483
1,1,483
1,1,483
1,1,484
1,1,484
1,1,484
1,1,484
1,1,484
1,1,484
1,1,484
1,1,484
1,1,484
1,1,484
1,1,484
1,1,484
1,1,485
1,1,485
1,1,485
1,1,485
1,1,485
1,1,485
1,1,485
1,1,485
1,1,485
1,1,485
1,1,485
1,1,485
1,1,485
1,1,486
1,1,486
1,1,486
1,1,486
1,1,486
1,1,486
1,1,486
1,1,486
1,1,486
1,1,486
1,1,486
1,1,486
1,1,486
1,1,486
1,1,486
1,1,486
1,1,486
1,1,486
1,1,486
1,1,486
1,1,486
1,1,486
1,1,486
1,1,486
1,1,486
1,1,486
1,1,486
1,1,486
1,1,486
1,1,486
1,1,486
1,1,486
1,1,486
1,1,486
1,1,488
1,1,488
1,1,488
1,1,488
1,1,488
1,1,488
1,1,489
1,1,490
1,1,490
1,1,490
1,1,490
1,1,490
1,1,490
1,1,490
1,1,490
1,1,490
1,1,490
1,1,493
1,1,493
1,1,493
1,1,494
1,1,494
1,1,494
1,1,494
1,1,494
1,1,494
1,1,494
1,1,494
1,1,494
1,1,495
1,1,495
1,1,495
1,1,495
1,1,495
1,1,495
1,1,495
1,1,495
1,1,495
1,1,495
1,1,495
1,1,495
1,1,495
1,1,499
1,1,499
1,1,499
1,1,499
1,1,499
1,1,499
1,1,499
1,1,499
1,1,499
1,1,499
1,1,499
1,1,499
1,1,499
1,1,499
1,1,499
1,1,499
1,1,499
1,1,499
1,1,499
1,1,499
1,1,499
1,1,499
1,1,499
1,1,499
1,1,499
1,1,499
1,1,499
1,1,499
1,1,499
1,1,499
1,1,499
1,1,500
1,1,500
1,1,500
1,1,500
1,1,500
1,1,500
1,1,500
1,1,500
1,1,500
1,1,500
1,1,500
1,1,500
1,1,500
1,1,500
1,1,500
1,1,500
1,1,500
1,1,500
1,1,500
1,1,500
1,1,500
1,1,500
1,1,500
1,1,500
1,1,500
1,1,500
1,1,500
1,1,500
1,1,500
1,1,500
1,1,500
1,1,500
1,1,500
1,1,500
1,1,500
1,1,500
1,1,500
1,1,500
1,1,500
1,1,500
1,1,500
1,1,500
1,1,500
1,1,500
1,1,500
1,1,500
1,1,500
1,1,500
1,1,500
1,1,500
1,1,500
1,1,500
1,1,500
1,1,500
1,1,500
1,1,500
1,1,500
1,1,500
1,1,500
1,1,500
1,1,500
1,1,500
1,1,500
1,1,500
1,1,500
1,1,500
1,1,500
1,1,500
1,1,500
1,1,500
1,1,500
1,1,500
1,1,500
1,1,500
1,1,500
1,1,500
1,1,500
1,1,500
1,1,500
1,1,500
1,1,500
1,1,500
1,1,500
1,1,500
1,1,500
1,1,500
1,1,500
1,1,500
1,1,500
1,1,500
1,1,500
1,1,500
1,1,500
1,1,500
1,1,500
1,1,500
1,1,500
1,1,500
1,1,500
1,1,500
1,1,500
1,1,500
1,1,500
1,1,500
1,1,500
1,1,500
1,1,500
1,1,500
1,1,500
1,1,500
1,1,500
1,1,500
1,1,500
1,1,500
1,1,500
1,1,500
1,1,500
1,1,500
1,1,500
1,1,500
1,1,500
1,1,500
1,1,500
1,1,500
1,1,500
1,1,500
1,1,500
1,1,500
1,1,500
1,1,500
1,1,500
1,1,500
1,1,500
1,1,500
1,1,500
1,1,500
1,1,500
1,1,500
1,1,500
1,1,500
1,1,500
1,1,500
1,1,500
1,1,500
1,1,500
1,1,500
1,1,500
1,1,500
1,1,500
1,1,500
1,1,500
1,1,500
1,1,500
1,1,500
1,1,500
1,1,500
1,1,500
1,1,500
1,1,500
1,1,500
1,1,500
1,1,500
1,1,500
1,1,500
1,1,500
1,1,500
1,1,500
1,1,500
1,1,500
1,1,500
1,1,500
1,1,500
1,1,500
1,1,500
1,1,500
1,1,500
1,1,500
1,1,500
1,1,500
1,1,500
1,1,500
1,1,500
1,1,500
1,1,500
1,1,500
1,1,500
1,1,500
1,1,501
1,1,501
1,1,501
1,1,501
1,1,501
1,1,501
1,1,501
1,1,501
1,1,501
1,1,502
1,1,503
1,1,504
1,1,504
1,1,504
1,1,504
1,1,504
1,1,504
1,1,504
1,1,504
1,1,505
1,1,505
1,1,505
1,1,505
1,1,505
1,1,505
1,1,505
1,1,506
1,1,506
1,1,506
1,1,510
1,1,510
1,1,510
1,1,510
1,1,510
1,1,510
1,1,510
1,1,511
1,1,511
1,1,511
1,1,511
1,1,511
1,1,511
1,1,511
1,1,511
1,1,511
1,1,511
1,1,516
1,1,518
1,1,518
1,1,518
1,1,518
1,1,518
1,1,518
1,1,518
1,1,518
1,1,518
1,1,520
1,1,520
1,1,520
1,1,520
1,1,520
1,1,520
1,1,520
1,1,520
1,1,520
1,1,520
1,1,520
1,1,520
1,1,520
1,1,520
1,1,520
1,1,520
1,1,520
1,1,521
1,1,522
1,1,525
1,1,525
1,1,525
1,1,525
1,1,525
1,1,525
1,1,526
1,1,526
1,1,526
1,1,526
1,1,526
1,1,526
1,1,526
1,1,526
1,1,526
1,1,526
1,1,526
1,1,526
1,1,526
1,1,527
1,1,528
1,1,529
1,1,529
1,1,529
1,1,530
1,1,530
1,1,530
1,1,530
1,1,530
1,1,530
1,1,530
1,1,530
1,1,530
1,1,530
1,1,530
1,1,530
1,1,530
1,1,530
1,1,530
1,1,530
1,1,530
1,1,530
1,1,531
1,1,531
1,1,531
1,1,531
1,1,531
1,1,531
1,1,531
1,1,531
1,1,531
1,1,531
1,1,531
1,1,531
1,1,531
1,1,531
1,1,531
1,1,531
1,1,531
1,1,531
1,1,531
1,1,531
1,1,533
1,1,533
1,1,533
1,1,533
1,1,533
1,1,533
1,1,533
1,1,533
1,1,533
1,1,535
1,1,535
1,1,536
1,1,538
1,1,539
1,1,540
1,1,540
1,1,540
1,1,540
1,1,540
1,1,540
1,1,540
1,1,540
1,1,540
1,1,540
1,1,541
1,1,544
1,1,545
1,1,549
1,1,550
1,1,550
1,1,550
1,1,550
1,1,550
1,1,550
1,1,550
1,1,550
1,1,550
1,1,550
1,1,550
1,1,550
1,1,550
1,1,550
1,1,550
1,1,550
1,1,550
1,1,550
1,1,550
1,1,550
1,1,550
1,1,550
1,1,550
1,1,550
1,1,550
1,1,550
1,1,550
1,1,550
1,1,550
1,1,550
1,1,550
1,1,550
1,1,550
1,1,550
1,1,550
1,1,550
1,1,550
1,1,550
1,1,550
1,1,550
1,1,550
1,1,550
1,1,550
1,1,550
1,1,550
1,1,550
1,1,550
1,1,550
1,1,550
1,1,550
1,1,550
1,1,550
1,1,550
1,1,550
1,1,550
1,1,550
1,1,550
1,1,550
1,1,550
1,1,550
1,1,550
1,1,550
1,1,550
1,1,550
1,1,550
1,1,550
1,1,550
1,1,550
1,1,550
1,1,550
1,1,550
1,1,550
1,1,550
1,1,550
1,1,550
1,1,550
1,1,550
1,1,551
1,1,551
1,1,551
1,1,551
1,1,551
1,1,551
1,1,551
1,1,551
1,1,551
1,1,551
1,1,551
1,1,551
1,1,551
1,1,551
1,1,551
1,1,551
1,1,551
1,1,551
1,1,551
1,1,552
1,1,552
1,1,553
1,1,554
1,1,554
1,1,554
1,1,556
1,1,556
1,1,556
1,1,557
1,1,557
1,1,557
1,1,557
1,1,558
1,1,558
1,1,558
1,1,559
1,1,560
1,1,560
1,1,560
1,1,560
1,1,560
1,1,560
1,1,560
1,1,560
1,1,560
1,1,560
1,1,560
1,1,560
1,1,560
1,1,560
1,1,560
1,1,560
1,1,560
1,1,560
1,1,560
1,1,560
1,1,560
1,1,560
1,1,560
1,1,560
1,1,560
1,1,560
1,1,560
1,1,560
1,1,560
1,1,560
1,1,560
1,1,560
1,1,560
1,1,561
1,1,562
1,1,562
1,1,563
1,1,563
1,1,563
1,1,563
1,1,563
1,1,563
1,1,563
1,1,563
1,1,563
1,1,567
1,1,567
1,1,570
1,1,570
1,1,570
1,1,570
1,1,570
1,1,570
1,1,570
1,1,570
1,1,570
1,1,570
1,1,570
1,1,571
1,1,571
1,1,571
1,1,571
1,1,571
1,1,575
1,1,575
1,1,578
1,1,578
1,1,580
1,1,580
1,1,580
1,1,580
1,1,580
1,1,581
1,1,581
1,1,581
1,1,581
1,1,581
1,1,585
1,1,585
1,1,586
1,1,588
1,1,588
1,1,590
1,1,590
1,1,590
1,1,590
1,1,590
1,1,590
1,1,590
1,1,590
1,1,592
1,1,592
1,1,592
1,1,592
1,1,592
1,1,592
1,1,592
1,1,592
1,1,592
1,1,595
1,1,595
1,1,595
1,1,595
1,1,595
1,1,596
1,1,598
1,1,599
1,1,599
1,1,599
1,1,599
1,1,600
1,1,600
1,1,600
1,1,600
1,1,600
1,1,600
1,1,600
1,1,600
1,1,600
1,1,600
1,1,600
1,1,600
1,1,600
1,1,600
1,1,600
1,1,600
1,1,600
1,1,600
1,1,600
1,1,600
1,1,600
1,1,600
1,1,600
1,1,600
1,1,600
1,1,600
1,1,600
1,1,600
1,1,600
1,1,600
1,1,600
1,1,600
1,1,600
1,1,600
1,1,600
1,1,600
1,1,600
1,1,600
1,1,600
1,1,600
1,1,600
1,1,600
1,1,600
1,1,600
1,1,600
1,1,600
1,1,600
1,1,600
1,1,600
1,1,600
1,1,600
1,1,600
1,1,600
1,1,600
1,1,600
1,1,600
1,1,600
1,1,600
1,1,600
1,1,600
1,1,600
1,1,600
1,1,600
1,1,600
1,1,600
1,1,600
1,1,600
1,1,600
1,1,600
1,1,600
1,1,600
1,1,600
1,1,600
1,1,600
1,1,600
1,1,600
1,1,600
1,1,600
1,1,600
1,1,600
1,1,600
1,1,600
1,1,600
1,1,600
1,1,600
1,1,600
1,1,600
1,1,600
1,1,600
1,1,600
1,1,600
1,1,600
1,1,600
1,1,601
1,1,602
1,1,603
1,1,603
1,1,603
1,1,605
1,1,605
1,1,605
1,1,607
1,1,607
1,1,607
1,1,607
1,1,607
1,1,607
1,1,607
1,1,607
1,1,607
1,1,607
1,1,609
1,1,609
1,1,609
1,1,609
1,1,610
1,1,610
1,1,610
1,1,610
1,1,611
1,1,612
1,1,612
1,1,612
1,1,613
1,1,614
1,1,614
1,1,614
1,1,614
1,1,614
1,1,614
1,1,614
1,1,615
1,1,615
1,1,615
1,1,615
1,1,615
1,1,615
1,1,616
1,1,618
1,1,618
1,1,618
1,1,618
1,1,618
1,1,618
1,1,618
1,1,618
1,1,618
1,1,618
1,1,618
1,1,618
1,1,618
1,1,618
1,1,618
1,1,618
1,1,618
1,1,618
1,1,618
1,1,618
1,1,618
1,1,618
1,1,618
1,1,619
1,1,620
1,1,620
1,1,620
1,1,622
1,1,622
1,1,622
1,1,623
1,1,624
1,1,624
1,1,625
1,1,628
1,1,628
1,1,630
1,1,631
1,1,632
1,1,633
1,1,634
1,1,634
1,1,634
1,1,634
1,1,634
1,1,634
1,1,634
1,1,635
1,1,635
1,1,635
1,1,635
1,1,635
1,1,635
1,1,635
1,1,635
1,1,635
1,1,635
1,1,636
1,1,638
1,1,638
1,1,638
1,1,639
1,1,639
1,1,639
1,1,640
1,1,640
1,1,640
1,1,640
1,1,640
1,1,640
1,1,640
1,1,640
1,1,640
1,1,646
1,1,647
1,1,647
1,1,648
1,1,648
1,1,648
1,1,648
1,1,650
1,1,650
1,1,650
1,1,650
1,1,650
1,1,650
1,1,650
1,1,650
1,1,650
1,1,650
1,1,650
1,1,650
1,1,650
1,1,650
1,1,650
1,1,650
1,1,650
1,1,650
1,1,650
1,1,650
1,1,650
1,1,650
1,1,650
1,1,650
1,1,650
1,1,650
1,1,650
1,1,650
1,1,650
1,1,650
1,1,650
1,1,650
1,1,650
1,1,650
1,1,650
1,1,650
1,1,650
1,1,650
1,1,650
1,1,650
1,1,650
1,1,650
1,1,650
1,1,650
1,1,650
1,1,650
1,1,650
1,1,650
1,1,650
1,1,650
1,1,650
1,1,650
1,1,650
1,1,650
1,1,650
1,1,650
1,1,650
1,1,651
1,1,651
1,1,651
1,1,653
1,1,653
1,1,653
1,1,653
1,1,654
1,1,656
1,1,657
1,1,657
1,1,657
1,1,660
1,1,660
1,1,660
1,1,660
1,1,660
1,1,660
1,1,660
1,1,660
1,1,660
1,1,660
1,1,660
1,1,660
1,1,660
1,1,660
1,1,660
1,1,660
1,1,662
1,1,667
1,1,667
1,1,667
1,1,667
1,1,667
1,1,668
1,1,668
1,1,669
1,1,669
1,1,669
1,1,669
1,1,669
1,1,672
1,1,672
1,1,672
1,1,672
1,1,672
1,1,672
1,1,672
1,1,672
1,1,675
1,1,675
1,1,675
1,1,675
1,1,677
1,1,677
1,1,678
1,1,678
1,1,678
1,1,679
1,1,679
1,1,680
1,1,680
1,1,680
1,1,680
1,1,680
1,1,680
1,1,680
1,1,680
1,1,680
1,1,680
1,1,680
1,1,684
1,1,685
1,1,685
1,1,685
1,1,685
1,1,685
1,1,685
1,1,686
1,1,688
1,1,688
1,1,688
1,1,689
1,1,689
1,1,689
1,1,689
1,1,689
1,1,689
1,1,689
1,1,689
1,1,690
1,1,691
1,1,692
1,1,692
1,1,696
1,1,696
1,1,696
1,1,697
1,1,698
1,1,699
1,1,700
1,1,700
1,1,700
1,1,700
1,1,700
1,1,700
1,1,700
1,1,700
1,1,700
1,1,700
1,1,700
1,1,700
1,1,700
1,1,700
1,1,700
1,1,700
1,1,700
1,1,700
1,1,700
1,1,700
1,1,700
1,1,700
1,1,700
1,1,700
1,1,700
1,1,700
1,1,700
1,1,700
1,1,700
1,1,700
1,1,700
1,1,700
1,1,703
1,1,705
1,1,705
1,1,705
1,1,705
1,1,705
1,1,705
1,1,705
1,1,705
1,1,705
1,1,705
1,1,710
1,1,712
1,1,713
1,1,717
1,1,717
1,1,717
1,1,717
1,1,717
1,1,717
1,1,717
1,1,717
1,1,717
1,1,717
1,1,717
1,1,717
1,1,717
1,1,719
1,1,720
1,1,720
1,1,720
1,1,720
1,1,720
1,1,720
1,1,720
1,1,720
1,1,720
1,1,720
1,1,720
1,1,722
1,1,722
1,1,722
1,1,726
1,1,726
1,1,731
1,1,731
1,1,731
1,1,731
1,1,732
1,1,732
1,1,733
1,1,735
1,1,736
1,1,736
1,1,740
1,1,743
1,1,744
1,1,744
1,1,744
1,1,750
1,1,750
1,1,750
1,1,750
1,1,750
1,1,750
1,1,750
1,1,750
1,1,750
1,1,750
1,1,750
1,1,750
1,1,751
1,1,751
1,1,751
1,1,751
1,1,751
1,1,751
1,1,751
1,1,752
1,1,752
1,1,752
1,1,755
1,1,755
1,1,755
1,1,755
1,1,756
1,1,758
1,1,758
1,1,760
1,1,760
1,1,761
1,1,761
1,1,762
1,1,775
1,1,775
1,1,775
1,1,775
1,1,775
1,1,775
1,1,775
1,1,775
1,1,780
1,1,780
1,1,780
1,1,780
1,1,780
1,1,780
1,1,789
1,1,790
1,1,791
1,1,800
1,1,800
1,1,800
1,1,800
1,1,800
1,1,800
1,1,800
1,1,800
1,1,800
1,1,800
1,1,811
1,1,815
1,1,816
1,1,816
1,1,818
1,1,830
1,1,840
1,1,845
1,1,849
1,1,850
1,1,850
1,1,850
1,1,850
1,1,850
1,1,850
1,1,850
1,1,850
1,1,850
1,1,850
1,1,850
1,1,858
1,1,858
1,1,858
1,1,860
1,1,866
1,1,870
1,1,870
1,1,872
1,1,875
1,1,878
1,1,880
1,1,880
1,1,890
1,1,890
1,1,900
1,1,900
1,1,900
1,1,900
1,1,900
1,1,900
1,1,900
1,1,900
1,1,900
1,1,900
1,1,900
1,1,925
1,1,950
1,1,950
1,1,950
1,1,952
1,1,952
1,1,952
1,1,952
1,1,952
1,1,952
1,1,960
1,1,980
1,1,990
1,1,1000
1,1,1000
1,1,1000
1,1,1000
1,1,1000
1,1,1000
1,1,1004
1,1,1016
1,1,1016
1,1,1016
1,1,1100
1,1,1100
1,1,1100
1,1,1100
1,1,1100
1,1,1100
1,1,1200
1,1,2500
1,1,2564
1,1,99999999
1,2,300
1,2,430
1,2,430
1,2,430
1,2,430
1,2,430
1,2,430
1,2,430
1,2,430
1,2,430
1,2,430
1,2,430
1,2,430
1,2,430
1,2,430
1,2,450
1,2,450
1,2,468
1,2,483
1,2,485
1,2,486
1,2,494
1,2,500
1,2,517
1,2,540
1,2,540
1,2,580
1,2,585
1,2,600
1,2,600
1,2,602
1,2,614
1,2,634
1,2,660
1,2,662
1,2,662
1,2,662
1,2,685
1,2,691
1,2,695
1,2,700
1,2,700
1,2,700
1,2,700
1,2,700
1,2,710
1,2,710
1,2,719
1,2,737
1,2,737
1,2,743
1,2,746
1,2,750
1,2,750
1,2,750
1,2,750
1,2,750
1,2,750
1,2,750
1,2,750
1,2,750
1,2,750
1,2,750
1,2,750
1,2,752
1,2,752
1,2,755
1,2,760
1,2,761
1,2,762
1,2,762
1,2,762
1,2,762
1,2,762
1,2,762
1,2,762
1,2,762
1,2,762
1,2,762
1,2,762
1,2,768
1,2,775
1,2,775
1,2,775
1,2,775
1,2,775
1,2,775
1,2,775
1,2,775
1,2,775
1,2,775
1,2,775
1,2,775
1,2,775
1,2,775
1,2,775
1,2,775
1,2,775
1,2,775
1,2,775
1,2,775
1,2,775
1,2,775
1,2,775
1,2,775
1,2,775
1,2,775
1,2,775
1,2,775
1,2,780
1,2,788
1,2,791
1,2,791
1,2,795
1,2,795
1,2,795
1,2,800
1,2,800
1,2,800
1,2,800
1,2,800
1,2,800
1,2,800
1,2,800
1,2,800
1,2,800
1,2,800
1,2,800
1,2,800
1,2,800
1,2,816
1,2,832
1,2,838
1,2,850
1,2,850
1,2,850
1,2,850
1,2,850
1,2,850
1,2,850
1,2,870
1,2,870
1,2,870
1,2,870
1,2,872
1,2,873
1,2,880
1,2,900
1,2,900
1,2,900
1,2,900
1,2,900
1,2,900
1,2,910
1,2,910
1,2,910
1,2,910
1,2,910
1,2,910
1,2,911
1,2,921
1,2,930
1,2,950
1,2,952
1,2,952
1,2,952
1,2,952
1,2,952
1,2,952
1,2,952
1,2,960
1,2,969
1,2,981
1,2,1004
1,2,1044
1,2,1180
1,2,1348
1,2,1348
1,3,1400
1,3,1400
1,8,550
2,1,7
2,1,59
2,1,400
2,1,450
2,1,450
2,1,450
2,1,450
2,1,450
2,1,450
2,1,450
2,1,450
2,1,450
2,1,450
2,1,450
2,1,450
2,1,450
2,1,450
2,1,450
2,1,450
2,1,450
2,1,450
2,1,450
2,1,454
2,1,455
2,1,455
2,1,460
2,1,460
2,1,460
2,1,461
2,1,468
2,1,472
2,1,475
2,1,475
2,1,475
2,1,478
2,1,478
2,1,478
2,1,478
2,1,478
2,1,478
2,1,480
2,1,480
2,1,480
2,1,480
2,1,480
2,1,480
2,1,484
2,1,484
2,1,484
2,1,484
2,1,484
2,1,484
2,1,484
2,1,484
2,1,484
2,1,484
2,1,484
2,1,486
2,1,494
2,1,495
2,1,495
2,1,495
2,1,495
2,1,495
2,1,500
2,1,500
2,1,500
2,1,500
2,1,500
2,1,500
2,1,500
2,1,500
2,1,500
2,1,500
2,1,500
2,1,500
2,1,500
2,1,500
2,1,500
2,1,500
2,1,500
2,1,500
2,1,500
2,1,500
2,1,501
2,1,504
2,1,505
2,1,505
2,1,510
2,1,510
2,1,510
2,1,510
2,1,510
2,1,512
2,1,514
2,1,515
2,1,516
2,1,516
2,1,516
2,1,516
2,1,516
2,1,517
2,1,517
2,1,517
2,1,520
2,1,520
2,1,520
2,1,520
2,1,520
2,1,520
2,1,527
2,1,527
2,1,527
2,1,527
2,1,527
2,1,527
2,1,527
2,1,527
2,1,527
2,1,527
2,1,527
2,1,527
2,1,527
2,1,527
2,1,527
2,1,527
2,1,527
2,1,527
2,1,527
2,1,527
2,1,527
2,1,530
2,1,530
2,1,530
2,1,538
2,1,540
2,1,540
2,1,540
2,1,547
2,1,548
2,1,549
2,1,549
2,1,550
2,1,550
2,1,550
2,1,550
2,1,550
2,1,550
2,1,550
2,1,550
2,1,550
2,1,550
2,1,550
2,1,550
2,1,550
2,1,550
2,1,550
2,1,550
2,1,550
2,1,550
2,1,550
2,1,550
2,1,550
2,1,550
2,1,550
2,1,550
2,1,550
2,1,550
2,1,550
2,1,550
2,1,550
2,1,550
2,1,550
2,1,550
2,1,550
2,1,550
2,1,550
2,1,550
2,1,552
2,1,553
2,1,553
2,1,553
2,1,557
2,1,559
2,1,559
2,1,559
2,1,559
2,1,560
2,1,560
2,1,560
2,1,560
2,1,560
2,1,560
2,1,560
2,1,560
2,1,560
2,1,560
2,1,560
2,1,560
2,1,560
2,1,560
2,1,560
2,1,560
2,1,560
2,1,560
2,1,560
2,1,560
2,1,560
2,1,560
2,1,563
2,1,565
2,1,565
2,1,565
2,1,568
2,1,568
2,1,569
2,1,569
2,1,570
2,1,570
2,1,570
2,1,570
2,1,570
2,1,570
2,1,570
2,1,571
2,1,571
2,1,571
2,1,571
2,1,574
2,1,574
2,1,574
2,1,580
2,1,580
2,1,580
2,1,580
2,1,580
2,1,580
2,1,580
2,1,580
2,1,580
2,1,580
2,1,580
2,1,580
2,1,580
2,1,581
2,1,583
2,1,583
2,1,584
2,1,585
2,1,585
2,1,586
2,1,586
2,1,586
2,1,586
2,1,586
2,1,586
2,1,586
2,1,586
2,1,586
2,1,587
2,1,587
2,1,587
2,1,587
2,1,587
2,1,588
2,1,589
2,1,590
2,1,590
2,1,590
2,1,590
2,1,590
2,1,590
2,1,590
2,1,590
2,1,590
2,1,590
2,1,590
2,1,590
2,1,590
2,1,590
2,1,590
2,1,590
2,1,590
2,1,590
2,1,590
2,1,590
2,1,590
2,1,590
2,1,590
2,1,590
2,1,590
2,1,590
2,1,590
2,1,590
2,1,590
2,1,590
2,1,590
2,1,590
2,1,590
2,1,590
2,1,590
2,1,590
2,1,590
2,1,590
2,1,590
2,1,590
2,1,590
2,1,590
2,1,590
2,1,590
2,1,590
2,1,590
2,1,590
2,1,591
2,1,591
2,1,592
2,1,592
2,1,592
2,1,592
2,1,592
2,1,592
2,1,592
2,1,592
2,1,593
2,1,593
2,1,593
2,1,595
2,1,595
2,1,595
2,1,595
2,1,595
2,1,600
2,1,600
2,1,600
2,1,600
2,1,600
2,1,600
2,1,600
2,1,600
2,1,600
2,1,600
2,1,600
2,1,600
2,1,600
2,1,600
2,1,600
2,1,600
2,1,600
2,1,600
2,1,600
2,1,600
2,1,600
2,1,600
2,1,600
2,1,600
2,1,600
2,1,600
2,1,600
2,1,600
2,1,600
2,1,600
2,1,600
2,1,600
2,1,600
2,1,600
2,1,600
2,1,600
2,1,600
2,1,600
2,1,600
2,1,600
2,1,600
2,1,600
2,1,600
2,1,600
2,1,600
2,1,600
2,1,600
2,1,600
2,1,600
2,1,600
2,1,600
2,1,600
2,1,600
2,1,600
2,1,600
2,1,600
2,1,600
2,1,600
2,1,600
2,1,600
2,1,600
2,1,600
2,1,600
2,1,600
2,1,600
2,1,600
2,1,600
2,1,600
2,1,600
2,1,600
2,1,600
2,1,600
2,1,600
2,1,600
2,1,600
2,1,600
2,1,600
2,1,600
2,1,600
2,1,600
2,1,600
2,1,600
2,1,600
2,1,600
2,1,600
2,1,600
2,1,600
2,1,600
2,1,600
2,1,600
2,1,600
2,1,600
2,1,600
2,1,600
2,1,600
2,1,600
2,1,600
2,1,600
2,1,600
2,1,600
2,1,600
2,1,600
2,1,600
2,1,600
2,1,600
2,1,600
2,1,600
2,1,600
2,1,600
2,1,600
2,1,600
2,1,600
2,1,600
2,1,600
2,1,600
2,1,600
2,1,600
2,1,600
2,1,600
2,1,600
2,1,600
2,1,600
2,1,600
2,1,600
2,1,600
2,1,600
2,1,600
2,1,600
2,1,600
2,1,600
2,1,600
2,1,600
2,1,600
2,1,600
2,1,600
2,1,600
2,1,600
2,1,600
2,1,600
2,1,600
2,1,600
2,1,600
2,1,600
2,1,600
2,1,600
2,1,600
2,1,600
2,1,600
2,1,600
2,1,600
2,1,600
2,1,600
2,1,600
2,1,600
2,1,600
2,1,600
2,1,600
2,1,600
2,1,600
2,1,600
2,1,600
2,1,602
2,1,602
2,1,602
2,1,602
2,1,602
2,1,603
2,1,603
2,1,603
2,1,603
2,1,603
2,1,603
2,1,603
2,1,604
2,1,605
2,1,605
2,1,605
2,1,605
2,1,605
2,1,608
2,1,608
2,1,608
2,1,608
2,1,611
2,1,611
2,1,611
2,1,611
2,1,611
2,1,611
2,1,612
2,1,612
2,1,612
2,1,613
2,1,613
2,1,614
2,1,614
2,1,615
2,1,615
2,1,615
2,1,615
2,1,615
2,1,615
2,1,615
2,1,615
2,1,615
2,1,615
2,1,615
2,1,615
2,1,616
2,1,620
2,1,620
2,1,620
2,1,620
2,1,622
2,1,622
2,1,622
2,1,622
2,1,622
2,1,622
2,1,624
2,1,624
2,1,624
2,1,624
2,1,624
2,1,626
2,1,626
2,1,626
2,1,626
2,1,626
2,1,626
2,1,626
2,1,626
2,1,626
2,1,626
2,1,626
2,1,627
2,1,627
2,1,628
2,1,630
2,1,630
2,1,630
2,1,630
2,1,630
2,1,631
2,1,631
2,1,631
2,1,631
2,1,631
2,1,631
2,1,631
2,1,631
2,1,631
2,1,631
2,1,633
2,1,633
2,1,633
2,1,633
2,1,633
2,1,633
2,1,635
2,1,635
2,1,635
2,1,635
2,1,635
2,1,637
2,1,637
2,1,637
2,1,637
2,1,638
2,1,638
2,1,638
2,1,638
2,1,638
2,1,640
2,1,640
2,1,640
2,1,640
2,1,640
2,1,640
2,1,640
2,1,640
2,1,640
2,1,640
2,1,640
2,1,645
2,1,646
2,1,646
2,1,646
2,1,646
2,1,646
2,1,646
2,1,646
2,1,646
2,1,646
2,1,646
2,1,646
2,1,646
2,1,646
2,1,646
2,1,646
2,1,646
2,1,646
2,1,646
2,1,646
2,1,646
2,1,646
2,1,646
2,1,646
2,1,646
2,1,646
2,1,646
2,1,646
2,1,646
2,1,646
2,1,646
2,1,648
2,1,648
2,1,648
2,1,648
2,1,648
2,1,648
2,1,648
2,1,648
2,1,648
2,1,648
2,1,648
2,1,650
2,1,650
2,1,650
2,1,650
2,1,650
2,1,650
2,1,650
2,1,650
2,1,650
2,1,650
2,1,650
2,1,650
2,1,650
2,1,650
2,1,650
2,1,650
2,1,650
2,1,650
2,1,650
2,1,650
2,1,650
2,1,650
2,1,650
2,1,650
2,1,650
2,1,650
2,1,650
2,1,650
2,1,650
2,1,650
2,1,650
2,1,650
2,1,650
2,1,650
2,1,650
2,1,650
2,1,650
2,1,650
2,1,650
2,1,650
2,1,650
2,1,650
2,1,650
2,1,650
2,1,650
2,1,650
2,1,650
2,1,650
2,1,650
2,1,650
2,1,650
2,1,650
2,1,650
2,1,650
2,1,650
2,1,650
2,1,650
2,1,650
2,1,650
2,1,650
2,1,650
2,1,650
2,1,650
2,1,650
2,1,650
2,1,650
2,1,650
2,1,650
2,1,650
2,1,650
2,1,650
2,1,650
2,1,650
2,1,650
2,1,650
2,1,650
2,1,650
2,1,650
2,1,650
2,1,650
2,1,650
2,1,650
2,1,650
2,1,650
2,1,650
2,1,650
2,1,650
2,1,650
2,1,650
2,1,650
2,1,650
2,1,651
2,1,652
2,1,652
2,1,652
2,1,652
2,1,652
2,1,653
2,1,654
2,1,654
2,1,655
2,1,655
2,1,655
2,1,656
2,1,656
2,1,656
2,1,656
2,1,656
2,1,656
2,1,657
2,1,657
2,1,657
2,1,657
2,1,657
2,1,657
2,1,657
2,1,657
2,1,657
2,1,657
2,1,657
2,1,657
2,1,657
2,1,657
2,1,657
2,1,657
2,1,657
2,1,657
2,1,657
2,1,657
2,1,659
2,1,660
2,1,660
2,1,660
2,1,660
2,1,660
2,1,660
2,1,661
2,1,661
2,1,661
2,1,662
2,1,665
2,1,665
2,1,665
2,1,665
2,1,668
2,1,669
2,1,670
2,1,670
2,1,670
2,1,670
2,1,670
2,1,670
2,1,670
2,1,674
2,1,677
2,1,680
2,1,680
2,1,680
2,1,680
2,1,680
2,1,680
2,1,680
2,1,682
2,1,685
2,1,687
2,1,687
2,1,688
2,1,688
2,1,688
2,1,688
2,1,688
2,1,688
2,1,688
2,1,688
2,1,689
2,1,689
2,1,689
2,1,689
2,1,689
2,1,690
2,1,690
2,1,694
2,1,694
2,1,695
2,1,695
2,1,695
2,1,696
2,1,696
2,1,697
2,1,697
2,1,697
2,1,697
2,1,697
2,1,700
2,1,700
2,1,700
2,1,700
2,1,700
2,1,700
2,1,700
2,1,700
2,1,700
2,1,700
2,1,700
2,1,700
2,1,700
2,1,700
2,1,700
2,1,700
2,1,700
2,1,700
2,1,700
2,1,700
2,1,700
2,1,700
2,1,700
2,1,700
2,1,700
2,1,700
2,1,700
2,1,700
2,1,700
2,1,700
2,1,700
2,1,700
2,1,700
2,1,700
2,1,700
2,1,700
2,1,700
2,1,700
2,1,700
2,1,700
2,1,700
2,1,700
2,1,700
2,1,700
2,1,700
2,1,700
2,1,700
2,1,700
2,1,700
2,1,700
2,1,700
2,1,700
2,1,700
2,1,700
2,1,700
2,1,700
2,1,700
2,1,700
2,1,700
2,1,700
2,1,700
2,1,700
2,1,700
2,1,703
2,1,708
2,1,710
2,1,710
2,1,710
2,1,710
2,1,710
2,1,710
2,1,710
2,1,710
2,1,710
2,1,710
2,1,710
2,1,710
2,1,710
2,1,710
2,1,710
2,1,710
2,1,710
2,1,710
2,1,710
2,1,710
2,1,710
2,1,710
2,1,710
2,1,710
2,1,715
2,1,715
2,1,717
2,1,717
2,1,717
2,1,718
2,1,718
2,1,718
2,1,718
2,1,718
2,1,720
2,1,720
2,1,720
2,1,720
2,1,720
2,1,720
2,1,720
2,1,721
2,1,721
2,1,721
2,1,721
2,1,721
2,1,721
2,1,721
2,1,721
2,1,721
2,1,721
2,1,721
2,1,721
2,1,726
2,1,726
2,1,726
2,1,726
2,1,726
2,1,726
2,1,726
2,1,726
2,1,730
2,1,730
2,1,730
2,1,732
2,1,733
2,1,737
2,1,737
2,1,737
2,1,737
2,1,737
2,1,741
2,1,742
2,1,745
2,1,747
2,1,747
2,1,747
2,1,750
2,1,750
2,1,750
2,1,750
2,1,750
2,1,750
2,1,750
2,1,750
2,1,750
2,1,750
2,1,750
2,1,750
2,1,750
2,1,750
2,1,750
2,1,750
2,1,750
2,1,751
2,1,751
2,1,752
2,1,753
2,1,755
2,1,759
2,1,760
2,1,765
2,1,770
2,1,770
2,1,770
2,1,773
2,1,773
2,1,773
2,1,774
2,1,774
2,1,775
2,1,775
2,1,775
2,1,775
2,1,775
2,1,775
2,1,775
2,1,780
2,1,780
2,1,780
2,1,780
2,1,788
2,1,789
2,1,791
2,1,791
2,1,791
2,1,791
2,1,791
2,1,791
2,1,793
2,1,796
2,1,797
2,1,797
2,1,797
2,1,797
2,1,800
2,1,800
2,1,800
2,1,800
2,1,800
2,1,800
2,1,800
2,1,800
2,1,800
2,1,800
2,1,800
2,1,800
2,1,800
2,1,800
2,1,800
2,1,800
2,1,800
2,1,800
2,1,800
2,1,800
2,1,800
2,1,800
2,1,800
2,1,800
2,1,800
2,1,800
2,1,800
2,1,800
2,1,800
2,1,800
2,1,800
2,1,800
2,1,800
2,1,800
2,1,800
2,1,800
2,1,801
2,1,805
2,1,806
2,1,807
2,1,807
2,1,807
2,1,807
2,1,807
2,1,807
2,1,807
2,1,807
2,1,809
2,1,809
2,1,810
2,1,810
2,1,810
2,1,810
2,1,810
2,1,813
2,1,818
2,1,820
2,1,821
2,1,821
2,1,821
2,1,823
2,1,823
2,1,823
2,1,825
2,1,825
2,1,825
2,1,827
2,1,828
2,1,839
2,1,840
2,1,840
2,1,850
2,1,850
2,1,850
2,1,850
2,1,850
2,1,850
2,1,850
2,1,850
2,1,850
2,1,850
2,1,850
2,1,850
2,1,850
2,1,850
2,1,850
2,1,850
2,1,850
2,1,850
2,1,850
2,1,856
2,1,864
2,1,870
2,1,870
2,1,880
2,1,880
2,1,883
2,1,886
2,1,886
2,1,890
2,1,890
2,1,890
2,1,890
2,1,891
2,1,900
2,1,900
2,1,900
2,1,900
2,1,900
2,1,900
2,1,900
2,1,900
2,1,900
2,1,900
2,1,904
2,1,907
2,1,908
2,1,915
2,1,925
2,1,925
2,1,925
2,1,925
2,1,925
2,1,925
2,1,950
2,1,950
2,1,958
2,1,980
2,1,980
2,1,980
2,1,992
2,1,1000
2,1,1000
2,1,1066
2,1,1066
2,1,1087
2,1,1100
2,1,1120
2,1,1141
2,1,1152
2,1,1200
2,1,1200
2,1,1200
2,1,1208
2,1,1367
2,1,1367
2,1,1367
2,1,1369
2,1,1500
2,1,1600
2,2,1
2,2,88
2,2,430
2,2,430
2,2,430
2,2,430
2,2,430
2,2,430
2,2,431
2,2,435
2,2,450
2,2,450
2,2,450
2,2,450
2,2,450
2,2,450
2,2,468
2,2,478
2,2,480
2,2,500
2,2,500
2,2,500
2,2,508
2,2,514
2,2,536
2,2,550
2,2,550
2,2,550
2,2,555
2,2,555
2,2,555
2,2,558
2,2,560
2,2,560
2,2,565
2,2,565
2,2,581
2,2,581
2,2,581
2,2,581
2,2,588
2,2,589
2,2,590
2,2,600
2,2,600
2,2,600
2,2,600
2,2,600
2,2,600
2,2,600
2,2,600
2,2,600
2,2,600
2,2,600
2,2,600
2,2,600
2,2,600
2,2,604
2,2,604
2,2,604
2,2,604
2,2,604
2,2,611
2,2,625
2,2,625
2,2,625
2,2,625
2,2,630
2,2,630
2,2,635
2,2,635
2,2,635
2,2,635
2,2,635
2,2,635
2,2,645
2,2,645
2,2,646
2,2,649
2,2,650
2,2,650
2,2,650
2,2,650
2,2,650
2,2,650
2,2,650
2,2,650
2,2,650
2,2,650
2,2,650
2,2,650
2,2,650
2,2,650
2,2,650
2,2,650
2,2,650
2,2,650
2,2,650
2,2,650
2,2,650
2,2,650
2,2,650
2,2,650
2,2,650
2,2,650
2,2,650
2,2,650
2,2,650
2,2,650
2,2,650
2,2,650
2,2,650
2,2,650
2,2,650
2,2,650
2,2,650
2,2,650
2,2,650
2,2,650
2,2,650
2,2,650
2,2,650
2,2,650
2,2,650
2,2,650
2,2,650
2,2,650
2,2,650
2,2,650
2,2,650
2,2,650
2,2,650
2,2,650
2,2,650
2,2,650
2,2,650
2,2,650
2,2,650
2,2,650
2,2,650
2,2,650
2,2,650
2,2,650
2,2,650
2,2,650
2,2,650
2,2,650
2,2,650
2,2,650
2,2,650
2,2,650
2,2,650
2,2,650
2,2,650
2,2,650
2,2,650
2,2,650
2,2,650
2,2,650
2,2,650
2,2,650
2,2,650
2,2,650
2,2,650
2,2,650
2,2,650
2,2,650
2,2,650
2,2,650
2,2,650
2,2,650
2,2,650
2,2,650
2,2,650
2,2,650
2,2,650
2,2,650
2,2,650
2,2,650
2,2,650
2,2,650
2,2,650
2,2,650
2,2,650
2,2,650
2,2,650
2,2,650
2,2,650
2,2,650
2,2,650
2,2,650
2,2,650
2,2,650
2,2,650
2,2,650
2,2,650
2,2,650
2,2,650
2,2,650
2,2,650
2,2,650
2,2,650
2,2,650
2,2,650
2,2,650
2,2,650
2,2,650
2,2,650
2,2,650
2,2,650
2,2,650
2,2,650
2,2,650
2,2,650
2,2,650
2,2,650
2,2,650
2,2,650
2,2,650
2,2,650
2,2,650
2,2,650
2,2,650
2,2,650
2,2,650
2,2,650
2,2,650
2,2,650
2,2,650
2,2,650
2,2,650
2,2,650
2,2,650
2,2,650
2,2,650
2,2,650
2,2,650
2,2,650
2,2,650
2,2,650
2,2,650
2,2,650
2,2,650
2,2,650
2,2,650
2,2,650
2,2,650
2,2,650
2,2,650
2,2,650
2,2,650
2,2,650
2,2,650
2,2,650
2,2,650
2,2,650
2,2,650
2,2,650
2,2,650
2,2,650
2,2,650
2,2,650
2,2,650
2,2,650
2,2,650
2,2,650
2,2,650
2,2,651
2,2,655
2,2,655
2,2,655
2,2,656
2,2,660
2,2,660
2,2,663
2,2,668
2,2,668
2,2,670
2,2,670
2,2,670
2,2,670
2,2,670
2,2,670
2,2,670
2,2,670
2,2,674
2,2,677
2,2,678
2,2,678
2,2,678
2,2,678
2,2,678
2,2,680
2,2,680
2,2,680
2,2,680
2,2,680
2,2,680
2,2,680
2,2,680
2,2,680
2,2,680
2,2,680
2,2,680
2,2,685
2,2,686
2,2,687
2,2,687
2,2,695
2,2,695
2,2,699
2,2,700
2,2,700
2,2,700
2,2,700
2,2,700
2,2,700
2,2,700
2,2,700
2,2,700
2,2,700
2,2,700
2,2,700
2,2,700
2,2,700
2,2,700
2,2,700
2,2,700
2,2,700
2,2,700
2,2,700
2,2,700
2,2,700
2,2,700
2,2,700
2,2,700
2,2,700
2,2,700
2,2,700
2,2,700
2,2,700
2,2,700
2,2,702
2,2,704
2,2,704
2,2,704
2,2,704
2,2,704
2,2,704
2,2,704
2,2,704
2,2,704
2,2,704
2,2,704
2,2,704
2,2,704
2,2,704
2,2,704
2,2,704
2,2,704
2,2,704
2,2,704
2,2,704
2,2,704
2,2,704
2,2,704
2,2,704
2,2,704
2,2,705
2,2,705
2,2,706
2,2,706
2,2,706
2,2,706
2,2,706
2,2,706
2,2,706
2,2,708
2,2,708
2,2,708
2,2,709
2,2,709
2,2,709
2,2,709
2,2,709
2,2,709
2,2,709
2,2,709
2,2,709
2,2,710
2,2,710
2,2,710
2,2,710
2,2,713
2,2,713
2,2,713
2,2,713
2,2,715
2,2,715
2,2,715
2,2,715
2,2,715
2,2,715
2,2,715
2,2,717
2,2,717
2,2,719
2,2,719
2,2,719
2,2,719
2,2,720
2,2,720
2,2,720
2,2,722
2,2,725
2,2,725
2,2,725
2,2,725
2,2,725
2,2,725
2,2,725
2,2,725
2,2,725
2,2,725
2,2,725
2,2,725
2,2,725
2,2,725
2,2,725
2,2,725
2,2,725
2,2,725
2,2,725
2,2,726
2,2,726
2,2,728
2,2,729
2,2,729
2,2,729
2,2,730
2,2,730
2,2,730
2,2,731
2,2,731
2,2,731
2,2,732
2,2,732
2,2,732
2,2,732
2,2,732
2,2,732
2,2,732
2,2,732
2,2,733
2,2,735
2,2,735
2,2,736
2,2,736
2,2,736
2,2,736
2,2,736
2,2,737
2,2,737
2,2,739
2,2,739
2,2,739
2,2,740
2,2,742
2,2,742
2,2,742
2,2,742
2,2,742
2,2,742
2,2,742
2,2,742
2,2,742
2,2,743
2,2,743
2,2,743
2,2,743
2,2,743
2,2,743
2,2,743
2,2,743
2,2,743
2,2,743
2,2,743
2,2,743
2,2,743
2,2,743
2,2,744
2,2,744
2,2,745
2,2,746
2,2,747
2,2,747
2,2,747
2,2,748
2,2,749
2,2,750
2,2,750
2,2,750
2,2,750
2,2,750
2,2,750
2,2,750
2,2,750
2,2,750
2,2,750
2,2,750
2,2,750
2,2,750
2,2,750
2,2,750
2,2,750
2,2,750
2,2,750
2,2,750
2,2,750
2,2,750
2,2,750
2,2,750
2,2,750
2,2,750
2,2,750
2,2,750
2,2,750
2,2,750
2,2,750
2,2,750
2,2,750
2,2,750
2,2,750
2,2,750
2,2,750
2,2,750
2,2,750
2,2,750
2,2,750
2,2,750
2,2,750
2,2,750
2,2,750
2,2,750
2,2,750
2,2,750
2,2,750
2,2,750
2,2,750
2,2,750
2,2,750
2,2,750
2,2,750
2,2,750
2,2,750
2,2,752
2,2,752
2,2,752
2,2,752
2,2,752
2,2,752
2,2,753
2,2,753
2,2,755
2,2,755
2,2,755
2,2,756
2,2,757
2,2,759
2,2,759
2,2,759
2,2,759
2,2,759
2,2,759
2,2,759
2,2,759
2,2,759
2,2,759
2,2,759
2,2,759
2,2,759
2,2,759
2,2,759
2,2,759
2,2,759
2,2,760
2,2,760
2,2,760
2,2,760
2,2,760
2,2,760
2,2,760
2,2,761
2,2,765
2,2,766
2,2,768
2,2,770
2,2,770
2,2,770
2,2,770
2,2,771
2,2,774
2,2,774
2,2,774
2,2,774
2,2,775
2,2,775
2,2,775
2,2,775
2,2,775
2,2,775
2,2,775
2,2,775
2,2,775
2,2,775
2,2,775
2,2,775
2,2,775
2,2,775
2,2,775
2,2,775
2,2,775
2,2,775
2,2,775
2,2,775
2,2,775
2,2,775
2,2,775
2,2,775
2,2,775
2,2,775
2,2,775
2,2,775
2,2,775
2,2,775
2,2,775
2,2,776
2,2,777
2,2,777
2,2,777
2,2,780
2,2,780
2,2,780
2,2,780
2,2,780
2,2,780
2,2,780
2,2,780
2,2,780
2,2,780
2,2,780
2,2,780
2,2,780
2,2,780
2,2,780
2,2,780
2,2,780
2,2,780
2,2,780
2,2,780
2,2,780
2,2,781
2,2,782
2,2,785
2,2,786
2,2,786
2,2,786
2,2,787
2,2,787
2,2,787
2,2,787
2,2,787
2,2,787
2,2,787
2,2,788
2,2,788
2,2,789
2,2,789
2,2,789
2,2,789
2,2,789
2,2,789
2,2,790
2,2,790
2,2,790
2,2,790
2,2,790
2,2,790
2,2,790
2,2,790
2,2,790
2,2,790
2,2,791
2,2,791
2,2,791
2,2,791
2,2,791
2,2,791
2,2,791
2,2,792
2,2,792
2,2,792
2,2,794
2,2,794
2,2,794
2,2,794
2,2,794
2,2,794
2,2,794
2,2,794
2,2,794
2,2,794
2,2,794
2,2,795
2,2,795
2,2,795
2,2,795
2,2,796
2,2,796
2,2,796
2,2,796
2,2,797
2,2,797
2,2,797
2,2,797
2,2,797
2,2,797
2,2,797
2,2,798
2,2,798
2,2,800
2,2,800
2,2,800
2,2,800
2,2,800
2,2,800
2,2,800
2,2,800
2,2,800
2,2,800
2,2,800
2,2,800
2,2,800
2,2,800
2,2,800
2,2,800
2,2,800
2,2,800
2,2,800
2,2,800
2,2,800
2,2,800
2,2,800
2,2,800
2,2,800
2,2,800
2,2,800
2,2,800
2,2,800
2,2,800
2,2,800
2,2,800
2,2,800
2,2,800
2,2,800
2,2,800
2,2,800
2,2,800
2,2,800
2,2,800
2,2,800
2,2,800
2,2,800
2,2,800
2,2,800
2,2,800
2,2,800
2,2,800
2,2,800
2,2,800
2,2,800
2,2,800
2,2,800
2,2,800
2,2,800
2,2,800
2,2,800
2,2,800
2,2,800
2,2,800
2,2,800
2,2,800
2,2,800
2,2,800
2,2,800
2,2,800
2,2,800
2,2,800
2,2,800
2,2,800
2,2,800
2,2,800
2,2,800
2,2,800
2,2,800
2,2,800
2,2,800
2,2,800
2,2,800
2,2,801
2,2,801
2,2,802
2,2,802
2,2,802
2,2,803
2,2,804
2,2,806
2,2,806
2,2,807
2,2,807
2,2,807
2,2,808
2,2,809
2,2,809
2,2,810
2,2,812
2,2,812
2,2,813
2,2,813
2,2,814
2,2,814
2,2,815
2,2,815
2,2,816
2,2,816
2,2,817
2,2,818
2,2,818
2,2,818
2,2,818
2,2,818
2,2,818
2,2,818
2,2,818
2,2,818
2,2,818
2,2,818
2,2,818
2,2,818
2,2,818
2,2,818
2,2,818
2,2,820
2,2,820
2,2,820
2,2,820
2,2,820
2,2,821
2,2,823
2,2,823
2,2,823
2,2,823
2,2,823
2,2,823
2,2,823
2,2,825
2,2,825
2,2,825
2,2,825
2,2,825
2,2,826
2,2,826
2,2,826
2,2,829
2,2,830
2,2,830
2,2,830
2,2,830
2,2,831
2,2,831
2,2,832
2,2,833
2,2,833
2,2,833
2,2,833
2,2,834
2,2,835
2,2,835
2,2,836
2,2,836
2,2,836
2,2,836
2,2,836
2,2,836
2,2,836
2,2,837
2,2,839
2,2,839
2,2,839
2,2,840
2,2,840
2,2,840
2,2,840
2,2,840
2,2,840
2,2,840
2,2,840
2,2,840
2,2,840
2,2,840
2,2,840
2,2,840
2,2,840
2,2,840
2,2,840
2,2,840
2,2,845
2,2,845
2,2,845
2,2,845
2,2,845
2,2,845
2,2,845
2,2,845
2,2,845
2,2,845
2,2,846
2,2,850
2,2,850
2,2,850
2,2,850
2,2,850
2,2,850
2,2,850
2,2,850
2,2,850
2,2,850
2,2,850
2,2,850
2,2,850
2,2,850
2,2,850
2,2,850
2,2,850
2,2,850
2,2,850
2,2,850
2,2,850
2,2,850
2,2,850
2,2,850
2,2,850
2,2,850
2,2,850
2,2,850
2,2,850
2,2,850
2,2,850
2,2,850
2,2,850
2,2,850
2,2,850
2,2,850
2,2,850
2,2,850
2,2,850
2,2,850
2,2,850
2,2,850
2,2,850
2,2,850
2,2,850
2,2,850
2,2,850
2,2,850
2,2,850
2,2,850
2,2,850
2,2,850
2,2,850
2,2,850
2,2,850
2,2,850
2,2,850
2,2,850
2,2,850
2,2,850
2,2,850
2,2,850
2,2,850
2,2,850
2,2,850
2,2,850
2,2,850
2,2,850
2,2,850
2,2,850
2,2,850
2,2,850
2,2,852
2,2,852
2,2,852
2,2,852
2,2,852
2,2,853
2,2,853
2,2,853
2,2,853
2,2,853
2,2,853
2,2,853
2,2,853
2,2,854
2,2,854
2,2,855
2,2,855
2,2,855
2,2,855
2,2,855
2,2,855
2,2,855
2,2,855
2,2,855
2,2,855
2,2,855
2,2,855
2,2,855
2,2,855
2,2,855
2,2,855
2,2,855
2,2,855
2,2,855
2,2,855
2,2,855
2,2,855
2,2,855
2,2,855
2,2,856
2,2,856
2,2,856
2,2,856
2,2,856
2,2,856
2,2,856
2,2,856
2,2,856
2,2,856
2,2,856
2,2,856
2,2,856
2,2,856
2,2,856
2,2,856
2,2,856
2,2,857
2,2,857
2,2,857
2,2,857
2,2,857
2,2,857
2,2,857
2,2,857
2,2,858
2,2,858
2,2,858
2,2,858
2,2,858
2,2,858
2,2,858
2,2,858
2,2,858
2,2,858
2,2,859
2,2,859
2,2,859
2,2,859
2,2,859
2,2,860
2,2,860
2,2,860
2,2,860
2,2,860
2,2,860
2,2,860
2,2,861
2,2,861
2,2,861
2,2,861
2,2,861
2,2,861
2,2,861
2,2,861
2,2,861
2,2,863
2,2,863
2,2,863
2,2,864
2,2,864
2,2,864
2,2,865
2,2,865
2,2,865
2,2,865
2,2,866
2,2,866
2,2,866
2,2,866
2,2,866
2,2,866
2,2,866
2,2,866
2,2,866
2,2,866
2,2,866
2,2,866
2,2,866
2,2,866
2,2,866
2,2,866
2,2,866
2,2,866
2,2,866
2,2,866
2,2,866
2,2,866
2,2,866
2,2,866
2,2,866
2,2,868
2,2,868
2,2,868
2,2,868
2,2,868
2,2,868
2,2,870
2,2,870
2,2,870
2,2,870
2,2,870
2,2,871
2,2,871
2,2,871
2,2,871
2,2,871
2,2,871
2,2,871
2,2,871
2,2,871
2,2,872
2,2,872
2,2,872
2,2,872
2,2,872
2,2,872
2,2,872
2,2,872
2,2,872
2,2,873
2,2,874
2,2,875
2,2,875
2,2,875
2,2,875
2,2,875
2,2,875
2,2,875
2,2,875
2,2,875
2,2,875
2,2,876
2,2,877
2,2,877
2,2,877
2,2,877
2,2,878
2,2,878
2,2,879
2,2,880
2,2,880
2,2,880
2,2,880
2,2,880
2,2,881
2,2,881
2,2,881
2,2,881
2,2,881
2,2,881
2,2,881
2,2,881
2,2,881
2,2,882
2,2,883
2,2,883
2,2,883
2,2,883
2,2,883
2,2,883
2,2,883
2,2,883
2,2,883
2,2,883
2,2,883
2,2,883
2,2,883
2,2,883
2,2,883
2,2,883
2,2,883
2,2,883
2,2,883
2,2,883
2,2,883
2,2,883
2,2,883
2,2,883
2,2,883
2,2,885
2,2,885
2,2,885
2,2,885
2,2,885
2,2,885
2,2,885
2,2,885
2,2,885
2,2,886
2,2,886
2,2,886
2,2,886
2,2,886
2,2,886
2,2,886
2,2,886
2,2,887
2,2,888
2,2,888
2,2,888
2,2,888
2,2,888
2,2,888
2,2,888
2,2,889
2,2,890
2,2,890
2,2,890
2,2,890
2,2,890
2,2,890
2,2,890
2,2,890
2,2,890
2,2,890
2,2,890
2,2,892
2,2,892
2,2,892
2,2,892
2,2,892
2,2,892
2,2,892
2,2,893
2,2,893
2,2,893
2,2,893
2,2,893
2,2,893
2,2,893
2,2,893
2,2,893
2,2,893
2,2,893
2,2,893
2,2,893
2,2,893
2,2,893
2,2,893
2,2,893
2,2,895
2,2,895
2,2,895
2,2,895
2,2,895
2,2,898
2,2,899
2,2,900
2,2,900
2,2,900
2,2,900
2,2,900
2,2,900
2,2,900
2,2,900
2,2,900
2,2,900
2,2,900
2,2,900
2,2,900
2,2,900
2,2,900
2,2,900
2,2,900
2,2,900
2,2,900
2,2,900
2,2,900
2,2,900
2,2,900
2,2,900
2,2,900
2,2,900
2,2,900
2,2,900
2,2,900
2,2,900
2,2,900
2,2,900
2,2,900
2,2,900
2,2,900
2,2,900
2,2,900
2,2,900
2,2,900
2,2,900
2,2,900
2,2,900
2,2,900
2,2,900
2,2,900
2,2,900
2,2,900
2,2,900
2,2,900
2,2,900
2,2,900
2,2,900
2,2,900
2,2,900
2,2,900
2,2,900
2,2,900
2,2,900
2,2,900
2,2,900
2,2,900
2,2,900
2,2,900
2,2,900
2,2,900
2,2,900
2,2,900
2,2,900
2,2,900
2,2,900
2,2,900
2,2,900
2,2,900
2,2,900
2,2,900
2,2,900
2,2,900
2,2,900
2,2,900
2,2,900
2,2,900
2,2,900
2,2,900
2,2,900
2,2,900
2,2,900
2,2,900
2,2,900
2,2,900
2,2,900
2,2,900
2,2,900
2,2,900
2,2,900
2,2,900
2,2,900
2,2,900
2,2,900
2,2,900
2,2,900
2,2,900
2,2,900
2,2,900
2,2,900
2,2,900
2,2,900
2,2,900
2,2,900
2,2,900
2,2,900
2,2,900
2,2,900
2,2,900
2,2,900
2,2,900
2,2,900
2,2,900
2,2,900
2,2,900
2,2,900
2,2,901
2,2,901
2,2,901
2,2,903
2,2,903
2,2,903
2,2,903
2,2,903
2,2,903
2,2,903
2,2,903
2,2,904
2,2,904
2,2,904
2,2,904
2,2,906
2,2,906
2,2,906
2,2,907
2,2,907
2,2,907
2,2,908
2,2,908
2,2,908
2,2,908
2,2,910
2,2,910
2,2,910
2,2,910
2,2,911
2,2,913
2,2,913
2,2,913
2,2,913
2,2,913
2,2,913
2,2,913
2,2,913
2,2,913
2,2,913
2,2,913
2,2,913
2,2,913
2,2,913
2,2,913
2,2,913
2,2,913
2,2,914
2,2,914
2,2,914
2,2,915
2,2,915
2,2,915
2,2,915
2,2,915
2,2,915
2,2,915
2,2,915
2,2,916
2,2,916
2,2,916
2,2,916
2,2,916
2,2,916
2,2,916
2,2,916
2,2,916
2,2,919
2,2,920
2,2,920
2,2,920
2,2,920
2,2,920
2,2,920
2,2,921
2,2,921
2,2,921
2,2,921
2,2,925
2,2,925
2,2,925
2,2,925
2,2,925
2,2,925
2,2,926
2,2,927
2,2,929
2,2,929
2,2,930
2,2,930
2,2,930
2,2,931
2,2,931
2,2,933
2,2,933
2,2,936
2,2,936
2,2,936
2,2,936
2,2,936
2,2,936
2,2,936
2,2,936
2,2,936
2,2,936
2,2,940
2,2,943
2,2,945
2,2,945
2,2,945
2,2,947
2,2,947
2,2,947
2,2,947
2,2,947
2,2,948
2,2,950
2,2,950
2,2,950
2,2,950
2,2,950
2,2,950
2,2,950
2,2,950
2,2,950
2,2,950
2,2,950
2,2,950
2,2,950
2,2,950
2,2,950
2,2,950
2,2,950
2,2,950
2,2,950
2,2,950
2,2,950
2,2,953
2,2,953
2,2,954
2,2,954
2,2,955
2,2,958
2,2,960
2,2,960
2,2,960
2,2,960
2,2,962
2,2,962
2,2,962
2,2,962
2,2,963
2,2,963
2,2,966
2,2,966
2,2,966
2,2,966
2,2,966
2,2,966
2,2,966
2,2,969
2,2,969
2,2,970
2,2,970
2,2,970
2,2,970
2,2,970
2,2,970
2,2,970
2,2,970
2,2,971
2,2,972
2,2,972
2,2,972
2,2,972
2,2,972
2,2,972
2,2,972
2,2,976
2,2,976
2,2,976
2,2,976
2,2,977
2,2,977
2,2,979
2,2,979
2,2,979
2,2,979
2,2,979
2,2,979
2,2,979
2,2,979
2,2,979
2,2,979
2,2,980
2,2,980
2,2,980
2,2,980
2,2,980
2,2,980
2,2,980
2,2,980
2,2,980
2,2,980
2,2,980
2,2,985
2,2,985
2,2,985
2,2,985
2,2,985
2,2,985
2,2,985
2,2,985
2,2,985
2,2,985
2,2,985
2,2,985
2,2,985
2,2,985
2,2,986
2,2,990
2,2,990
2,2,990
2,2,990
2,2,990
2,2,990
2,2,990
2,2,990
2,2,990
2,2,990
2,2,990
2,2,990
2,2,991
2,2,993
2,2,993
2,2,995
2,2,995
2,2,995
2,2,996
2,2,996
2,2,996
2,2,997
2,2,998
2,2,999
2,2,999
2,2,999
2,2,999
2,2,999
2,2,999
2,2,999
2,2,1000
2,2,1000
2,2,1000
2,2,1000
2,2,1000
2,2,1000
2,2,1000
2,2,1000
2,2,1000
2,2,1000
2,2,1000
2,2,1000
2,2,1000
2,2,1000
2,2,1000
2,2,1000
2,2,1000
2,2,1000
2,2,1000
2,2,1000
2,2,1000
2,2,1000
2,2,1000
2,2,1000
2,2,1000
2,2,1000
2,2,1000
2,2,1000
2,2,1000
2,2,1000
2,2,1000
2,2,1000
2,2,1000
2,2,1000
2,2,1000
2,2,1000
2,2,1000
2,2,1000
2,2,1000
2,2,1000
2,2,1001
2,2,1001
2,2,1001
2,2,1001
2,2,1001
2,2,1001
2,2,1001
2,2,1001
2,2,1001
2,2,1001
2,2,1001
2,2,1001
2,2,1001
2,2,1002
2,2,1004
2,2,1006
2,2,1008
2,2,1008
2,2,1008
2,2,1008
2,2,1009
2,2,1009
2,2,1011
2,2,1011
2,2,1012
2,2,1012
2,2,1012
2,2,1012
2,2,1015
2,2,1018
2,2,1020
2,2,1020
2,2,1020
2,2,1020
2,2,1021
2,2,1021
2,2,1022
2,2,1022
2,2,1022
2,2,1024
2,2,1025
2,2,1025
2,2,1025
2,2,1025
2,2,1025
2,2,1025
2,2,1025
2,2,1025
2,2,1025
2,2,1025
2,2,1025
2,2,1025
2,2,1025
2,2,1033
2,2,1033
2,2,1033
2,2,1033
2,2,1033
2,2,1033
2,2,1034
2,2,1035
2,2,1036
2,2,1042
2,2,1043
2,2,1043
2,2,1044
2,2,1044
2,2,1044
2,2,1044
2,2,1045
2,2,1046
2,2,1047
2,2,1050
2,2,1050
2,2,1050
2,2,1050
2,2,1050
2,2,1052
2,2,1052
2,2,1052
2,2,1052
2,2,1053
2,2,1055
2,2,1055
2,2,1055
2,2,1055
2,2,1055
2,2,1055
2,2,1055
2,2,1056
2,2,1060
2,2,1060
2,2,1060
2,2,1060
2,2,1060
2,2,1063
2,2,1063
2,2,1063
2,2,1063
2,2,1063
2,2,1063
2,2,1064
2,2,1065
2,2,1066
2,2,1066
2,2,1066
2,2,1068
2,2,1070
2,2,1070
2,2,1071
2,2,1072
2,2,1072
2,2,1072
2,2,1072
2,2,1076
2,2,1076
2,2,1076
2,2,1076
2,2,1076
2,2,1076
2,2,1080
2,2,1080
2,2,1080
2,2,1080
2,2,1080
2,2,1080
2,2,1080
2,2,1085
2,2,1085
2,2,1087
2,2,1087
2,2,1087
2,2,1087
2,2,1087
2,2,1087
2,2,1087
2,2,1087
2,2,1087
2,2,1095
2,2,1096
2,2,1098
2,2,1098
2,2,1098
2,2,1098
2,2,1098
2,2,1098
2,2,1098
2,2,1098
2,2,1098
2,2,1098
2,2,1098
2,2,1098
2,2,1098
2,2,1098
2,2,1098
2,2,1098
2,2,1098
2,2,1098
2,2,1098
2,2,1098
2,2,1098
2,2,1100
2,2,1100
2,2,1100
2,2,1100
2,2,1100
2,2,1100
2,2,1100
2,2,1100
2,2,1100
2,2,1100
2,2,1100
2,2,1100
2,2,1100
2,2,1100
2,2,1100
2,2,1100
2,2,1100
2,2,1100
2,2,1100
2,2,1100
2,2,1100
2,2,1101
2,2,1109
2,2,1112
2,2,1117
2,2,1119
2,2,1120
2,2,1121
2,2,1121
2,2,1121
2,2,1121
2,2,1123
2,2,1124
2,2,1126
2,2,1129
2,2,1129
2,2,1132
2,2,1140
2,2,1145
2,2,1145
2,2,1145
2,2,1145
2,2,1145
2,2,1150
2,2,1150
2,2,1150
2,2,1150
2,2,1150
2,2,1157
2,2,1162
2,2,1163
2,2,1163
2,2,1168
2,2,1168
2,2,1175
2,2,1181
2,2,1184
2,2,1184
2,2,1190
2,2,1193
2,2,1200
2,2,1200
2,2,1200
2,2,1200
2,2,1200
2,2,1200
2,2,1200
2,2,1200
2,2,1200
2,2,1200
2,2,1200
2,2,1203
2,2,1205
2,2,1206
2,2,1206
2,2,1206
2,2,1206
2,2,1206
2,2,1206
2,2,1206
2,2,1206
2,2,1206
2,2,1206
2,2,1206
2,2,1206
2,2,1209
2,2,1210
2,2,1210
2,2,1217
2,2,1227
2,2,1227
2,2,1235
2,2,1243
2,2,1248
2,2,1250
2,2,1250
2,2,1250
2,2,1250
2,2,1250
2,2,1250
2,2,1259
2,2,1260
2,2,1277
2,2,1277
2,2,1277
2,2,1277
2,2,1278
2,2,1300
2,2,1300
2,2,1300
2,2,1300
2,2,1300
2,2,1305
2,2,1307
2,2,1309
2,2,1312
2,2,1317
2,2,1317
2,2,1321
2,2,1330
2,2,1347
2,2,1350
2,2,1350
2,2,1350
2,2,1350
2,2,1369
2,2,1369
2,2,1378
2,2,1390
2,2,1398
2,2,1399
2,2,1400
2,2,1400
2,2,1400
2,2,1400
2,2,1400
2,2,1400
2,2,1400
2,2,1400
2,2,1400
2,2,1400
2,2,1400
2,2,1400
2,2,1400
2,2,1400
2,2,1410
2,2,1410
2,2,1410
2,2,1410
2,2,1410
2,2,1410
2,2,1410
2,2,1410
2,2,1450
2,2,1485
2,2,1488
2,2,1500
2,2,1500
2,2,1500
2,2,1500
2,2,1520
2,2,1600
2,2,1680
2,2,1800
2,2,1900
2,2,2060
2,2,2800
2,2,6400
2,3,100
2,3,570
2,3,650
2,3,660
2,3,676
2,3,680
2,3,720
2,3,800
2,3,850
2,3,850
2,3,850
2,3,900
2,3,900
2,3,926
2,3,1012
2,3,1012
2,3,1076
2,3,1100
2,3,1100
2,3,1100
2,3,1108
2,3,1108
2,3,1151
2,3,1162
2,3,1229
2,3,1250
2,3,1400
2,3,1432
2,3,1442
2,3,1474
2,3,1500
2,3,1500
2,3,1591
2,3,1600
2,3,1930
2,4,652
2,4,1450
2,4,1637
3,1,100
3,1,150
3,1,239
3,1,500
3,1,500
3,1,535
3,1,550
3,1,560
3,1,560
3,1,570
3,1,570
3,1,570
3,1,570
3,1,570
3,1,570
3,1,580
3,1,586
3,1,588
3,1,598
3,1,600
3,1,600
3,1,600
3,1,600
3,1,600
3,1,600
3,1,600
3,1,600
3,1,600
3,1,600
3,1,600
3,1,600
3,1,600
3,1,600
3,1,600
3,1,606
3,1,606
3,1,606
3,1,606
3,1,606
3,1,606
3,1,606
3,1,606
3,1,615
3,1,616
3,1,621
3,1,621
3,1,621
3,1,621
3,1,630
3,1,630
3,1,635
3,1,640
3,1,641
3,1,648
3,1,650
3,1,650
3,1,650
3,1,650
3,1,650
3,1,650
3,1,650
3,1,650
3,1,650
3,1,650
3,1,650
3,1,650
3,1,650
3,1,650
3,1,650
3,1,650
3,1,650
3,1,650
3,1,650
3,1,650
3,1,650
3,1,650
3,1,650
3,1,650
3,1,650
3,1,650
3,1,650
3,1,650
3,1,650
3,1,650
3,1,650
3,1,650
3,1,650
3,1,650
3,1,650
3,1,650
3,1,650
3,1,650
3,1,650
3,1,650
3,1,650
3,1,650
3,1,650
3,1,650
3,1,650
3,1,650
3,1,650
3,1,650
3,1,650
3,1,650
3,1,650
3,1,650
3,1,650
3,1,650
3,1,650
3,1,650
3,1,650
3,1,650
3,1,650
3,1,650
3,1,650
3,1,650
3,1,650
3,1,650
3,1,650
3,1,650
3,1,650
3,1,650
3,1,650
3,1,650
3,1,650
3,1,650
3,1,650
3,1,650
3,1,650
3,1,650
3,1,650
3,1,650
3,1,650
3,1,650
3,1,650
3,1,650
3,1,650
3,1,650
3,1,650
3,1,650
3,1,650
3,1,650
3,1,650
3,1,650
3,1,650
3,1,650
3,1,652
3,1,652
3,1,653
3,1,653
3,1,653
3,1,653
3,1,653
3,1,653
3,1,653
3,1,653
3,1,653
3,1,653
3,1,654
3,1,656
3,1,656
3,1,657
3,1,657
3,1,657
3,1,657
3,1,657
3,1,657
3,1,657
3,1,657
3,1,660
3,1,660
3,1,660
3,1,660
3,1,663
3,1,667
3,1,668
3,1,668
3,1,670
3,1,675
3,1,675
3,1,676
3,1,678
3,1,678
3,1,678
3,1,678
3,1,678
3,1,678
3,1,680
3,1,689
3,1,690
3,1,692
3,1,700
3,1,700
3,1,700
3,1,700
3,1,700
3,1,700
3,1,700
3,1,700
3,1,700
3,1,700
3,1,700
3,1,700
3,1,700
3,1,700
3,1,700
3,1,700
3,1,700
3,1,700
3,1,700
3,1,700
3,1,700
3,1,700
3,1,700
3,1,700
3,1,700
3,1,700
3,1,700
3,1,700
3,1,700
3,1,700
3,1,700
3,1,700
3,1,700
3,1,700
3,1,700
3,1,700
3,1,700
3,1,700
3,1,700
3,1,700
3,1,701
3,1,705
3,1,710
3,1,712
3,1,712
3,1,713
3,1,713
3,1,715
3,1,715
3,1,719
3,1,720
3,1,720
3,1,721
3,1,722
3,1,722
3,1,725
3,1,727
3,1,729
3,1,730
3,1,732
3,1,736
3,1,740
3,1,750
3,1,750
3,1,750
3,1,750
3,1,750
3,1,750
3,1,750
3,1,750
3,1,750
3,1,750
3,1,750
3,1,750
3,1,750
3,1,750
3,1,750
3,1,750
3,1,750
3,1,750
3,1,750
3,1,750
3,1,750
3,1,750
3,1,756
3,1,758
3,1,758
3,1,760
3,1,760
3,1,760
3,1,760
3,1,760
3,1,760
3,1,763
3,1,765
3,1,769
3,1,770
3,1,780
3,1,780
3,1,780
3,1,780
3,1,780
3,1,782
3,1,790
3,1,790
3,1,790
3,1,797
3,1,800
3,1,800
3,1,800
3,1,800
3,1,800
3,1,800
3,1,800
3,1,800
3,1,800
3,1,800
3,1,800
3,1,800
3,1,800
3,1,807
3,1,809
3,1,815
3,1,815
3,1,818
3,1,818
3,1,820
3,1,820
3,1,820
3,1,850
3,1,850
3,1,850
3,1,850
3,1,850
3,1,850
3,1,850
3,1,850
3,1,850
3,1,850
3,1,850
3,1,852
3,1,854
3,1,865
3,1,872
3,1,872
3,1,872
3,1,874
3,1,877
3,1,878
3,1,878
3,1,878
3,1,890
3,1,890
3,1,900
3,1,900
3,1,900
3,1,900
3,1,900
3,1,900
3,1,910
3,1,920
3,1,920
3,1,937
3,1,937
3,1,952
3,1,958
3,1,970
3,1,970
3,1,1000
3,1,1009
3,1,1025
3,1,1030
3,1,1076
3,1,1118
3,1,1250
3,1,1300
3,1,1300
3,1,1500
3,1,2000
3,2,1
3,2,1
3,2,1
3,2,50
3,2,85
3,2,100
3,2,100
3,2,104
3,2,116
3,2,130
3,2,130
3,2,150
3,2,150
3,2,150
3,2,150
3,2,200
3,2,250
3,2,305
3,2,450
3,2,450
3,2,450
3,2,450
3,2,450
3,2,450
3,2,450
3,2,450
3,2,500
3,2,500
3,2,500
3,2,534
3,2,550
3,2,550
3,2,557
3,2,557
3,2,557
3,2,557
3,2,578
3,2,600
3,2,600
3,2,600
3,2,600
3,2,600
3,2,600
3,2,600
3,2,621
3,2,625
3,2,625
3,2,625
3,2,645
3,2,645
3,2,646
3,2,646
3,2,646
3,2,646
3,2,646
3,2,646
3,2,646
3,2,646
3,2,646
3,2,646
3,2,646
3,2,650
3,2,650
3,2,650
3,2,650
3,2,650
3,2,650
3,2,650
3,2,650
3,2,650
3,2,650
3,2,650
3,2,650
3,2,650
3,2,650
3,2,650
3,2,650
3,2,650
3,2,650
3,2,650
3,2,650
3,2,650
3,2,650
3,2,650
3,2,650
3,2,650
3,2,650
3,2,650
3,2,650
3,2,650
3,2,650
3,2,650
3,2,650
3,2,650
3,2,650
3,2,650
3,2,650
3,2,650
3,2,650
3,2,650
3,2,650
3,2,650
3,2,650
3,2,650
3,2,650
3,2,650
3,2,650
3,2,650
3,2,650
3,2,650
3,2,650
3,2,650
3,2,650
3,2,650
3,2,650
3,2,650
3,2,650
3,2,650
3,2,650
3,2,650
3,2,650
3,2,650
3,2,650
3,2,650
3,2,650
3,2,650
3,2,650
3,2,650
3,2,650
3,2,650
3,2,650
3,2,650
3,2,650
3,2,650
3,2,650
3,2,650
3,2,650
3,2,650
3,2,650
3,2,650
3,2,650
3,2,650
3,2,650
3,2,650
3,2,650
3,2,650
3,2,650
3,2,650
3,2,650
3,2,650
3,2,650
3,2,650
3,2,650
3,2,650
3,2,650
3,2,650
3,2,650
3,2,650
3,2,650
3,2,650
3,2,650
3,2,650
3,2,650
3,2,650
3,2,650
3,2,650
3,2,650
3,2,650
3,2,650
3,2,650
3,2,650
3,2,650
3,2,650
3,2,650
3,2,650
3,2,650
3,2,650
3,2,650
3,2,650
3,2,650
3,2,650
3,2,650
3,2,650
3,2,650
3,2,650
3,2,650
3,2,650
3,2,650
3,2,650
3,2,650
3,2,650
3,2,650
3,2,650
3,2,650
3,2,650
3,2,650
3,2,650
3,2,650
3,2,650
3,2,650
3,2,650
3,2,650
3,2,650
3,2,650
3,2,650
3,2,650
3,2,650
3,2,650
3,2,650
3,2,650
3,2,650
3,2,650
3,2,650
3,2,650
3,2,650
3,2,650
3,2,650
3,2,650
3,2,650
3,2,650
3,2,650
3,2,650
3,2,650
3,2,650
3,2,650
3,2,650
3,2,650
3,2,650
3,2,650
3,2,650
3,2,650
3,2,650
3,2,650
3,2,650
3,2,650
3,2,650
3,2,650
3,2,650
3,2,650
3,2,650
3,2,650
3,2,650
3,2,650
3,2,650
3,2,650
3,2,650
3,2,650
3,2,650
3,2,650
3,2,650
3,2,650
3,2,650
3,2,650
3,2,650
3,2,650
3,2,650
3,2,650
3,2,650
3,2,650
3,2,650
3,2,650
3,2,650
3,2,650
3,2,650
3,2,650
3,2,650
3,2,650
3,2,650
3,2,650
3,2,650
3,2,650
3,2,650
3,2,650
3,2,650
3,2,650
3,2,650
3,2,650
3,2,650
3,2,650
3,2,650
3,2,650
3,2,650
3,2,650
3,2,650
3,2,650
3,2,650
3,2,650
3,2,650
3,2,650
3,2,650
3,2,650
3,2,650
3,2,650
3,2,650
3,2,650
3,2,650
3,2,650
3,2,650
3,2,650
3,2,650
3,2,650
3,2,650
3,2,650
3,2,650
3,2,650
3,2,650
3,2,650
3,2,650
3,2,650
3,2,650
3,2,650
3,2,650
3,2,650
3,2,650
3,2,650
3,2,650
3,2,650
3,2,650
3,2,650
3,2,650
3,2,650
3,2,650
3,2,650
3,2,650
3,2,650
3,2,650
3,2,650
3,2,650
3,2,650
3,2,650
3,2,650
3,2,650
3,2,650
3,2,650
3,2,650
3,2,650
3,2,650
3,2,650
3,2,650
3,2,650
3,2,650
3,2,650
3,2,650
3,2,650
3,2,650
3,2,650
3,2,650
3,2,650
3,2,650
3,2,650
3,2,650
3,2,650
3,2,650
3,2,650
3,2,650
3,2,650
3,2,650
3,2,650
3,2,650
3,2,650
3,2,650
3,2,650
3,2,650
3,2,650
3,2,650
3,2,650
3,2,650
3,2,650
3,2,650
3,2,650
3,2,650
3,2,650
3,2,650
3,2,650
3,2,650
3,2,650
3,2,650
3,2,650
3,2,650
3,2,650
3,2,650
3,2,650
3,2,650
3,2,650
3,2,650
3,2,650
3,2,650
3,2,650
3,2,650
3,2,650
3,2,650
3,2,650
3,2,650
3,2,650
3,2,650
3,2,650
3,2,650
3,2,650
3,2,650
3,2,650
3,2,650
3,2,650
3,2,650
3,2,650
3,2,650
3,2,650
3,2,650
3,2,650
3,2,650
3,2,650
3,2,650
3,2,650
3,2,650
3,2,650
3,2,650
3,2,650
3,2,650
3,2,650
3,2,650
3,2,650
3,2,650
3,2,650
3,2,650
3,2,650
3,2,650
3,2,650
3,2,650
3,2,650
3,2,650
3,2,650
3,2,650
3,2,650
3,2,650
3,2,650
3,2,650
3,2,650
3,2,650
3,2,650
3,2,650
3,2,650
3,2,650
3,2,650
3,2,650
3,2,650
3,2,650
3,2,650
3,2,650
3,2,650
3,2,650
3,2,650
3,2,650
3,2,650
3,2,650
3,2,650
3,2,650
3,2,650
3,2,650
3,2,650
3,2,650
3,2,650
3,2,650
3,2,650
3,2,650
3,2,650
3,2,650
3,2,650
3,2,650
3,2,650
3,2,650
3,2,650
3,2,650
3,2,650
3,2,650
3,2,650
3,2,650
3,2,651
3,2,652
3,2,652
3,2,652
3,2,653
3,2,653
3,2,653
3,2,654
3,2,654
3,2,655
3,2,655
3,2,655
3,2,655
3,2,655
3,2,655
3,2,655
3,2,655
3,2,656
3,2,657
3,2,657
3,2,657
3,2,657
3,2,657
3,2,657
3,2,657
3,2,657
3,2,657
3,2,657
3,2,657
3,2,657
3,2,657
3,2,657
3,2,657
3,2,657
3,2,657
3,2,657
3,2,659
3,2,659
3,2,659
3,2,660
3,2,660
3,2,660
3,2,660
3,2,660
3,2,660
3,2,660
3,2,660
3,2,660
3,2,660
3,2,660
3,2,660
3,2,660
3,2,660
3,2,661
3,2,664
3,2,665
3,2,667
3,2,667
3,2,667
3,2,667
3,2,667
3,2,667
3,2,667
3,2,667
3,2,667
3,2,667
3,2,667
3,2,670
3,2,670
3,2,670
3,2,670
3,2,670
3,2,670
3,2,670
3,2,670
3,2,670
3,2,670
3,2,670
3,2,673
3,2,674
3,2,674
3,2,674
3,2,675
3,2,675
3,2,675
3,2,675
3,2,675
3,2,676
3,2,676
3,2,678
3,2,678
3,2,678
3,2,678
3,2,680
3,2,680
3,2,680
3,2,680
3,2,680
3,2,680
3,2,680
3,2,680
3,2,680
3,2,680
3,2,680
3,2,680
3,2,680
3,2,680
3,2,680
3,2,680
3,2,680
3,2,680
3,2,680
3,2,680
3,2,680
3,2,680
3,2,680
3,2,680
3,2,680
3,2,680
3,2,680
3,2,680
3,2,680
3,2,682
3,2,682
3,2,683
3,2,683
3,2,684
3,2,685
3,2,685
3,2,685
3,2,685
3,2,685
3,2,687
3,2,688
3,2,689
3,2,689
3,2,689
3,2,689
3,2,689
3,2,689
3,2,689
3,2,689
3,2,690
3,2,690
3,2,690
3,2,690
3,2,695
3,2,695
3,2,699
3,2,700
3,2,700
3,2,700
3,2,700
3,2,700
3,2,700
3,2,700
3,2,700
3,2,700
3,2,700
3,2,700
3,2,700
3,2,700
3,2,700
3,2,700
3,2,700
3,2,700
3,2,700
3,2,700
3,2,700
3,2,700
3,2,700
3,2,700
3,2,700
3,2,700
3,2,700
3,2,700
3,2,700
3,2,700
3,2,700
3,2,700
3,2,700
3,2,700
3,2,700
3,2,700
3,2,700
3,2,700
3,2,700
3,2,700
3,2,700
3,2,700
3,2,700
3,2,700
3,2,700
3,2,700
3,2,700
3,2,700
3,2,700
3,2,700
3,2,700
3,2,700
3,2,700
3,2,700
3,2,700
3,2,700
3,2,700
3,2,700
3,2,700
3,2,700
3,2,700
3,2,700
3,2,700
3,2,700
3,2,700
3,2,700
3,2,700
3,2,700
3,2,700
3,2,700
3,2,700
3,2,700
3,2,700
3,2,700
3,2,700
3,2,700
3,2,700
3,2,700
3,2,700
3,2,700
3,2,700
3,2,700
3,2,700
3,2,700
3,2,700
3,2,700
3,2,700
3,2,700
3,2,700
3,2,700
3,2,700
3,2,700
3,2,700
3,2,700
3,2,700
3,2,700
3,2,700
3,2,700
3,2,700
3,2,700
3,2,700
3,2,700
3,2,700
3,2,700
3,2,700
3,2,700
3,2,700
3,2,700
3,2,700
3,2,700
3,2,700
3,2,700
3,2,700
3,2,700
3,2,700
3,2,700
3,2,700
3,2,700
3,2,700
3,2,700
3,2,700
3,2,700
3,2,700
3,2,700
3,2,700
3,2,700
3,2,700
3,2,700
3,2,700
3,2,700
3,2,700
3,2,700
3,2,700
3,2,700
3,2,700
3,2,700
3,2,700
3,2,700
3,2,700
3,2,700
3,2,700
3,2,700
3,2,700
3,2,700
3,2,700
3,2,700
3,2,700
3,2,700
3,2,700
3,2,700
3,2,700
3,2,700
3,2,700
3,2,700
3,2,700
3,2,700
3,2,700
3,2,700
3,2,700
3,2,700
3,2,700
3,2,700
3,2,700
3,2,700
3,2,700
3,2,700
3,2,700
3,2,700
3,2,704
3,2,705
3,2,707
3,2,710
3,2,710
3,2,710
3,2,710
3,2,710
3,2,710
3,2,712
3,2,712
3,2,712
3,2,712
3,2,712
3,2,712
3,2,712
3,2,712
3,2,712
3,2,712
3,2,712
3,2,712
3,2,712
3,2,712
3,2,712
3,2,714
3,2,715
3,2,715
3,2,715
3,2,715
3,2,718
3,2,720
3,2,720
3,2,720
3,2,720
3,2,720
3,2,720
3,2,720
3,2,720
3,2,720
3,2,720
3,2,720
3,2,720
3,2,720
3,2,720
3,2,720
3,2,720
3,2,720
3,2,720
3,2,720
3,2,720
3,2,720
3,2,720
3,2,720
3,2,720
3,2,720
3,2,720
3,2,720
3,2,721
3,2,721
3,2,722
3,2,722
3,2,723
3,2,723
3,2,725
3,2,725
3,2,725
3,2,725
3,2,726
3,2,726
3,2,727
3,2,728
3,2,728
3,2,728
3,2,728
3,2,729
3,2,729
3,2,730
3,2,730
3,2,730
3,2,730
3,2,730
3,2,730
3,2,730
3,2,730
3,2,730
3,2,732
3,2,732
3,2,732
3,2,735
3,2,736
3,2,736
3,2,736
3,2,736
3,2,736
3,2,736
3,2,736
3,2,738
3,2,738
3,2,738
3,2,738
3,2,738
3,2,738
3,2,738
3,2,738
3,2,738
3,2,738
3,2,740
3,2,741
3,2,742
3,2,742
3,2,743
3,2,745
3,2,745
3,2,745
3,2,746
3,2,746
3,2,747
3,2,748
3,2,748
3,2,748
3,2,748
3,2,748
3,2,749
3,2,749
3,2,749
3,2,749
3,2,749
3,2,749
3,2,749
3,2,750
3,2,750
3,2,750
3,2,750
3,2,750
3,2,750
3,2,750
3,2,750
3,2,750
3,2,750
3,2,750
3,2,750
3,2,750
3,2,750
3,2,750
3,2,750
3,2,750
3,2,750
3,2,750
3,2,750
3,2,750
3,2,750
3,2,750
3,2,750
3,2,750
3,2,750
3,2,750
3,2,750
3,2,750
3,2,750
3,2,750
3,2,750
3,2,750
3,2,750
3,2,750
3,2,750
3,2,750
3,2,750
3,2,750
3,2,750
3,2,750
3,2,750
3,2,750
3,2,750
3,2,750
3,2,750
3,2,750
3,2,750
3,2,750
3,2,750
3,2,750
3,2,750
3,2,750
3,2,750
3,2,750
3,2,750
3,2,750
3,2,750
3,2,750
3,2,750
3,2,750
3,2,750
3,2,750
3,2,750
3,2,750
3,2,750
3,2,750
3,2,750
3,2,750
3,2,750
3,2,750
3,2,750
3,2,750
3,2,750
3,2,750
3,2,750
3,2,750
3,2,750
3,2,750
3,2,750
3,2,750
3,2,750
3,2,750
3,2,750
3,2,750
3,2,750
3,2,750
3,2,750
3,2,750
3,2,750
3,2,750
3,2,750
3,2,750
3,2,750
3,2,750
3,2,750
3,2,750
3,2,750
3,2,750
3,2,750
3,2,750
3,2,750
3,2,750
3,2,750
3,2,750
3,2,750
3,2,750
3,2,750
3,2,750
3,2,750
3,2,750
3,2,750
3,2,750
3,2,750
3,2,750
3,2,750
3,2,750
3,2,750
3,2,750
3,2,750
3,2,750
3,2,750
3,2,750
3,2,750
3,2,750
3,2,750
3,2,750
3,2,750
3,2,750
3,2,750
3,2,750
3,2,750
3,2,750
3,2,750
3,2,750
3,2,750
3,2,750
3,2,750
3,2,750
3,2,750
3,2,750
3,2,750
3,2,750
3,2,750
3,2,750
3,2,750
3,2,750
3,2,750
3,2,750
3,2,750
3,2,750
3,2,750
3,2,750
3,2,750
3,2,750
3,2,750
3,2,750
3,2,750
3,2,750
3,2,750
3,2,750
3,2,750
3,2,750
3,2,750
3,2,750
3,2,750
3,2,750
3,2,750
3,2,750
3,2,750
3,2,750
3,2,750
3,2,750
3,2,750
3,2,750
3,2,750
3,2,750
3,2,750
3,2,750
3,2,750
3,2,750
3,2,750
3,2,750
3,2,750
3,2,750
3,2,750
3,2,750
3,2,750
3,2,750
3,2,750
3,2,750
3,2,750
3,2,750
3,2,750
3,2,750
3,2,750
3,2,750
3,2,750
3,2,750
3,2,750
3,2,750
3,2,750
3,2,750
3,2,750
3,2,750
3,2,750
3,2,750
3,2,750
3,2,750
3,2,750
3,2,750
3,2,750
3,2,750
3,2,750
3,2,750
3,2,750
3,2,750
3,2,750
3,2,750
3,2,750
3,2,750
3,2,750
3,2,750
3,2,750
3,2,750
3,2,750
3,2,750
3,2,750
3,2,750
3,2,750
3,2,750
3,2,750
3,2,750
3,2,750
3,2,750
3,2,750
3,2,750
3,2,750
3,2,750
3,2,750
3,2,750
3,2,751
3,2,751
3,2,751
3,2,751
3,2,751
3,2,751
3,2,752
3,2,752
3,2,752
3,2,752
3,2,752
3,2,752
3,2,752
3,2,752
3,2,752
3,2,752
3,2,752
3,2,752
3,2,752
3,2,753
3,2,753
3,2,753
3,2,753
3,2,753
3,2,753
3,2,753
3,2,753
3,2,753
3,2,754
3,2,754
3,2,754
3,2,754
3,2,755
3,2,755
3,2,755
3,2,755
3,2,755
3,2,755
3,2,755
3,2,755
3,2,755
3,2,755
3,2,755
3,2,755
3,2,755
3,2,755
3,2,755
3,2,755
3,2,755
3,2,755
3,2,755
3,2,755
3,2,755
3,2,755
3,2,755
3,2,758
3,2,758
3,2,758
3,2,758
3,2,760
3,2,760
3,2,760
3,2,760
3,2,760
3,2,760
3,2,760
3,2,760
3,2,760
3,2,760
3,2,760
3,2,760
3,2,760
3,2,761
3,2,761
3,2,764
3,2,764
3,2,764
3,2,764
3,2,764
3,2,764
3,2,765
3,2,765
3,2,765
3,2,765
3,2,765
3,2,765
3,2,765
3,2,765
3,2,765
3,2,765
3,2,765
3,2,765
3,2,765
3,2,765
3,2,767
3,2,768
3,2,768
3,2,768
3,2,770
3,2,770
3,2,770
3,2,770
3,2,770
3,2,770
3,2,770
3,2,770
3,2,770
3,2,770
3,2,770
3,2,770
3,2,770
3,2,770
3,2,770
3,2,770
3,2,770
3,2,770
3,2,770
3,2,770
3,2,770
3,2,770
3,2,770
3,2,770
3,2,770
3,2,770
3,2,770
3,2,770
3,2,770
3,2,770
3,2,770
3,2,770
3,2,770
3,2,770
3,2,770
3,2,770
3,2,770
3,2,770
3,2,770
3,2,770
3,2,770
3,2,770
3,2,770
3,2,770
3,2,770
3,2,770
3,2,770
3,2,770
3,2,770
3,2,770
3,2,770
3,2,770
3,2,771
3,2,773
3,2,773
3,2,773
3,2,773
3,2,773
3,2,773
3,2,773
3,2,773
3,2,773
3,2,774
3,2,774
3,2,774
3,2,774
3,2,774
3,2,774
3,2,774
3,2,774
3,2,775
3,2,775
3,2,775
3,2,775
3,2,775
3,2,775
3,2,775
3,2,775
3,2,775
3,2,775
3,2,775
3,2,775
3,2,776
3,2,776
3,2,777
3,2,778
3,2,778
3,2,778
3,2,779
3,2,780
3,2,780
3,2,780
3,2,780
3,2,780
3,2,780
3,2,780
3,2,780
3,2,780
3,2,780
3,2,780
3,2,780
3,2,780
3,2,780
3,2,780
3,2,780
3,2,780
3,2,780
3,2,780
3,2,780
3,2,780
3,2,780
3,2,780
3,2,780
3,2,780
3,2,780
3,2,780
3,2,780
3,2,780
3,2,780
3,2,780
3,2,780
3,2,780
3,2,780
3,2,780
3,2,782
3,2,782
3,2,782
3,2,783
3,2,783
3,2,783
3,2,784
3,2,784
3,2,785
3,2,786
3,2,786
3,2,786
3,2,786
3,2,786
3,2,786
3,2,786
3,2,786
3,2,786
3,2,786
3,2,786
3,2,786
3,2,786
3,2,786
3,2,787
3,2,787
3,2,789
3,2,790
3,2,790
3,2,790
3,2,790
3,2,790
3,2,790
3,2,790
3,2,790
3,2,790
3,2,790
3,2,790
3,2,792
3,2,794
3,2,795
3,2,795
3,2,795
3,2,796
3,2,796
3,2,796
3,2,797
3,2,797
3,2,797
3,2,797
3,2,797
3,2,797
3,2,797
3,2,797
3,2,797
3,2,797
3,2,798
3,2,798
3,2,798
3,2,799
3,2,799
3,2,799
3,2,800
3,2,800
3,2,800
3,2,800
3,2,800
3,2,800
3,2,800
3,2,800
3,2,800
3,2,800
3,2,800
3,2,800
3,2,800
3,2,800
3,2,800
3,2,800
3,2,800
3,2,800
3,2,800
3,2,800
3,2,800
3,2,800
3,2,800
3,2,800
3,2,800
3,2,800
3,2,800
3,2,800
3,2,800
3,2,800
3,2,800
3,2,800
3,2,800
3,2,800
3,2,800
3,2,800
3,2,800
3,2,800
3,2,800
3,2,800
3,2,800
3,2,800
3,2,800
3,2,800
3,2,800
3,2,800
3,2,800
3,2,800
3,2,800
3,2,800
3,2,800
3,2,800
3,2,800
3,2,800
3,2,800
3,2,800
3,2,800
3,2,800
3,2,800
3,2,800
3,2,800
3,2,800
3,2,800
3,2,800
3,2,800
3,2,800
3,2,800
3,2,800
3,2,800
3,2,800
3,2,800
3,2,800
3,2,800
3,2,800
3,2,800
3,2,800
3,2,800
3,2,800
3,2,800
3,2,800
3,2,800
3,2,800
3,2,800
3,2,800
3,2,800
3,2,800
3,2,800
3,2,800
3,2,800
3,2,800
3,2,800
3,2,800
3,2,800
3,2,800
3,2,800
3,2,800
3,2,800
3,2,800
3,2,800
3,2,800
3,2,800
3,2,800
3,2,800
3,2,800
3,2,800
3,2,800
3,2,800
3,2,800
3,2,800
3,2,800
3,2,800
3,2,800
3,2,800
3,2,800
3,2,800
3,2,800
3,2,800
3,2,800
3,2,800
3,2,800
3,2,800
3,2,800
3,2,800
3,2,800
3,2,800
3,2,800
3,2,800
3,2,800
3,2,800
3,2,800
3,2,800
3,2,800
3,2,800
3,2,800
3,2,800
3,2,800
3,2,800
3,2,800
3,2,800
3,2,800
3,2,800
3,2,800
3,2,800
3,2,800
3,2,800
3,2,800
3,2,800
3,2,800
3,2,800
3,2,800
3,2,800
3,2,800
3,2,800
3,2,800
3,2,800
3,2,800
3,2,800
3,2,800
3,2,800
3,2,800
3,2,800
3,2,800
3,2,800
3,2,800
3,2,800
3,2,800
3,2,800
3,2,800
3,2,800
3,2,800
3,2,800
3,2,800
3,2,800
3,2,800
3,2,800
3,2,800
3,2,800
3,2,800
3,2,800
3,2,800
3,2,800
3,2,800
3,2,800
3,2,800
3,2,800
3,2,800
3,2,800
3,2,800
3,2,800
3,2,800
3,2,800
3,2,800
3,2,800
3,2,800
3,2,800
3,2,800
3,2,800
3,2,800
3,2,800
3,2,800
3,2,800
3,2,800
3,2,800
3,2,800
3,2,800
3,2,800
3,2,800
3,2,800
3,2,800
3,2,800
3,2,800
3,2,800
3,2,800
3,2,800
3,2,800
3,2,800
3,2,800
3,2,800
3,2,800
3,2,800
3,2,800
3,2,800
3,2,800
3,2,800
3,2,800
3,2,800
3,2,800
3,2,800
3,2,800
3,2,800
3,2,800
3,2,800
3,2,800
3,2,800
3,2,800
3,2,800
3,2,800
3,2,800
3,2,800
3,2,800
3,2,800
3,2,800
3,2,800
3,2,800
3,2,800
3,2,800
3,2,800
3,2,800
3,2,800
3,2,800
3,2,800
3,2,800
3,2,800
3,2,800
3,2,800
3,2,800
3,2,800
3,2,800
3,2,800
3,2,800
3,2,800
3,2,800
3,2,800
3,2,800
3,2,800
3,2,800
3,2,800
3,2,800
3,2,800
3,2,800
3,2,800
3,2,800
3,2,800
3,2,800
3,2,800
3,2,800
3,2,800
3,2,800
3,2,800
3,2,800
3,2,800
3,2,800
3,2,800
3,2,800
3,2,800
3,2,800
3,2,800
3,2,800
3,2,800
3,2,800
3,2,800
3,2,800
3,2,800
3,2,800
3,2,800
3,2,800
3,2,800
3,2,800
3,2,800
3,2,800
3,2,800
3,2,800
3,2,800
3,2,800
3,2,800
3,2,800
3,2,800
3,2,800
3,2,800
3,2,800
3,2,800
3,2,800
3,2,800
3,2,800
3,2,800
3,2,800
3,2,800
3,2,800
3,2,800
3,2,800
3,2,800
3,2,800
3,2,800
3,2,800
3,2,800
3,2,800
3,2,800
3,2,800
3,2,800
3,2,800
3,2,800
3,2,800
3,2,800
3,2,800
3,2,800
3,2,800
3,2,800
3,2,800
3,2,800
3,2,800
3,2,800
3,2,800
3,2,800
3,2,800
3,2,800
3,2,800
3,2,800
3,2,800
3,2,800
3,2,800
3,2,800
3,2,800
3,2,800
3,2,800
3,2,800
3,2,800
3,2,800
3,2,800
3,2,800
3,2,800
3,2,800
3,2,800
3,2,800
3,2,800
3,2,800
3,2,800
3,2,800
3,2,800
3,2,800
3,2,800
3,2,800
3,2,800
3,2,800
3,2,800
3,2,800
3,2,800
3,2,800
3,2,800
3,2,800
3,2,800
3,2,800
3,2,800
3,2,800
3,2,800
3,2,800
3,2,800
3,2,800
3,2,800
3,2,800
3,2,800
3,2,800
3,2,800
3,2,800
3,2,800
3,2,800
3,2,800
3,2,800
3,2,800
3,2,800
3,2,800
3,2,800
3,2,800
3,2,800
3,2,800
3,2,800
3,2,800
3,2,800
3,2,800
3,2,800
3,2,800
3,2,800
3,2,800
3,2,800
3,2,800
3,2,800
3,2,800
3,2,800
3,2,800
3,2,800
3,2,800
3,2,800
3,2,800
3,2,800
3,2,800
3,2,800
3,2,800
3,2,800
3,2,800
3,2,800
3,2,800
3,2,800
3,2,800
3,2,800
3,2,800
3,2,800
3,2,800
3,2,800
3,2,800
3,2,800
3,2,800
3,2,800
3,2,800
3,2,800
3,2,800
3,2,800
3,2,800
3,2,800
3,2,800
3,2,800
3,2,800
3,2,800
3,2,800
3,2,800
3,2,800
3,2,800
3,2,800
3,2,800
3,2,800
3,2,800
3,2,800
3,2,800
3,2,800
3,2,800
3,2,800
3,2,800
3,2,800
3,2,800
3,2,800
3,2,800
3,2,800
3,2,800
3,2,800
3,2,800
3,2,800
3,2,800
3,2,800
3,2,800
3,2,800
3,2,800
3,2,800
3,2,800
3,2,800
3,2,800
3,2,800
3,2,800
3,2,800
3,2,800
3,2,800
3,2,800
3,2,800
3,2,800
3,2,800
3,2,800
3,2,800
3,2,800
3,2,800
3,2,800
3,2,800
3,2,800
3,2,800
3,2,800
3,2,800
3,2,800
3,2,800
3,2,800
3,2,800
3,2,800
3,2,800
3,2,800
3,2,800
3,2,800
3,2,800
3,2,800
3,2,800
3,2,800
3,2,800
3,2,800
3,2,801
3,2,801
3,2,801
3,2,801
3,2,802
3,2,802
3,2,803
3,2,803
3,2,803
3,2,804
3,2,804
3,2,804
3,2,805
3,2,805
3,2,805
3,2,805
3,2,805
3,2,805
3,2,805
3,2,805
3,2,805
3,2,805
3,2,805
3,2,805
3,2,805
3,2,805
3,2,805
3,2,805
3,2,805
3,2,805
3,2,805
3,2,805
3,2,805
3,2,805
3,2,805
3,2,805
3,2,805
3,2,805
3,2,805
3,2,806
3,2,806
3,2,806
3,2,806
3,2,806
3,2,806
3,2,806
3,2,806
3,2,806
3,2,806
3,2,806
3,2,806
3,2,806
3,2,806
3,2,806
3,2,806
3,2,806
3,2,806
3,2,806
3,2,806
3,2,806
3,2,806
3,2,807
3,2,807
3,2,807
3,2,807
3,2,807
3,2,807
3,2,807
3,2,807
3,2,807
3,2,807
3,2,807
3,2,807
3,2,807
3,2,807
3,2,807
3,2,807
3,2,807
3,2,807
3,2,807
3,2,807
3,2,807
3,2,807
3,2,807
3,2,807
3,2,807
3,2,807
3,2,807
3,2,807
3,2,807
3,2,807
3,2,807
3,2,807
3,2,807
3,2,807
3,2,807
3,2,808
3,2,808
3,2,808
3,2,808
3,2,808
3,2,809
3,2,809
3,2,809
3,2,810
3,2,810
3,2,810
3,2,810
3,2,810
3,2,810
3,2,810
3,2,810
3,2,810
3,2,810
3,2,810
3,2,810
3,2,810
3,2,810
3,2,810
3,2,810
3,2,810
3,2,810
3,2,810
3,2,810
3,2,810
3,2,810
3,2,810
3,2,810
3,2,810
3,2,810
3,2,810
3,2,810
3,2,810
3,2,810
3,2,810
3,2,810
3,2,810
3,2,810
3,2,810
3,2,810
3,2,810
3,2,810
3,2,810
3,2,810
3,2,810
3,2,810
3,2,810
3,2,810
3,2,810
3,2,810
3,2,810
3,2,810
3,2,810
3,2,810
3,2,810
3,2,810
3,2,810
3,2,810
3,2,810
3,2,810
3,2,810
3,2,810
3,2,810
3,2,810
3,2,810
3,2,810
3,2,810
3,2,810
3,2,810
3,2,810
3,2,810
3,2,810
3,2,810
3,2,810
3,2,810
3,2,810
3,2,810
3,2,810
3,2,810
3,2,810
3,2,810
3,2,810
3,2,810
3,2,810
3,2,810
3,2,810
3,2,810
3,2,810
3,2,810
3,2,811
3,2,811
3,2,811
3,2,811
3,2,811
3,2,811
3,2,811
3,2,811
3,2,811
3,2,811
3,2,811
3,2,811
3,2,811
3,2,811
3,2,811
3,2,811
3,2,811
3,2,813
3,2,813
3,2,813
3,2,813
3,2,813
3,2,813
3,2,813
3,2,813
3,2,813
3,2,813
3,2,813
3,2,813
3,2,813
3,2,813
3,2,813
3,2,813
3,2,813
3,2,813
3,2,813
3,2,813
3,2,813
3,2,813
3,2,813
3,2,813
3,2,813
3,2,813
3,2,813
3,2,814
3,2,814
3,2,814
3,2,814
3,2,814
3,2,814
3,2,815
3,2,815
3,2,815
3,2,815
3,2,815
3,2,815
3,2,815
3,2,815
3,2,815
3,2,815
3,2,815
3,2,815
3,2,815
3,2,815
3,2,815
3,2,815
3,2,815
3,2,815
3,2,815
3,2,815
3,2,815
3,2,815
3,2,815
3,2,815
3,2,815
3,2,815
3,2,815
3,2,815
3,2,815
3,2,815
3,2,815
3,2,815
3,2,815
3,2,815
3,2,815
3,2,815
3,2,815
3,2,815
3,2,815
3,2,815
3,2,815
3,2,815
3,2,816
3,2,817
3,2,817
3,2,817
3,2,817
3,2,817
3,2,817
3,2,817
3,2,818
3,2,818
3,2,818
3,2,818
3,2,818
3,2,818
3,2,818
3,2,818
3,2,818
3,2,818
3,2,818
3,2,818
3,2,818
3,2,818
3,2,818
3,2,818
3,2,818
3,2,818
3,2,818
3,2,818
3,2,818
3,2,818
3,2,818
3,2,818
3,2,818
3,2,818
3,2,818
3,2,818
3,2,818
3,2,818
3,2,818
3,2,818
3,2,818
3,2,818
3,2,818
3,2,818
3,2,818
3,2,818
3,2,818
3,2,818
3,2,818
3,2,818
3,2,818
3,2,818
3,2,818
3,2,818
3,2,818
3,2,818
3,2,818
3,2,818
3,2,818
3,2,818
3,2,818
3,2,818
3,2,818
3,2,818
3,2,818
3,2,818
3,2,818
3,2,818
3,2,818
3,2,818
3,2,818
3,2,818
3,2,818
3,2,818
3,2,818
3,2,818
3,2,818
3,2,818
3,2,818
3,2,818
3,2,818
3,2,818
3,2,818
3,2,818
3,2,818
3,2,818
3,2,818
3,2,818
3,2,818
3,2,818
3,2,818
3,2,818
3,2,818
3,2,818
3,2,818
3,2,818
3,2,818
3,2,818
3,2,818
3,2,818
3,2,818
3,2,818
3,2,818
3,2,818
3,2,818
3,2,818
3,2,818
3,2,818
3,2,818
3,2,818
3,2,818
3,2,818
3,2,818
3,2,818
3,2,818
3,2,819
3,2,819
3,2,819
3,2,819
3,2,819
3,2,819
3,2,819
3,2,819
3,2,819
3,2,819
3,2,819
3,2,819
3,2,819
3,2,819
3,2,819
3,2,819
3,2,819
3,2,819
3,2,819
3,2,819
3,2,819
3,2,819
3,2,819
3,2,819
3,2,819
3,2,819
3,2,819
3,2,819
3,2,819
3,2,819
3,2,819
3,2,819
3,2,819
3,2,819
3,2,819
3,2,819
3,2,819
3,2,819
3,2,819
3,2,819
3,2,819
3,2,819
3,2,819
3,2,819
3,2,819
3,2,819
3,2,819
3,2,819
3,2,819
3,2,819
3,2,819
3,2,819
3,2,819
3,2,819
3,2,819
3,2,819
3,2,819
3,2,819
3,2,819
3,2,819
3,2,819
3,2,819
3,2,819
3,2,819
3,2,819
3,2,819
3,2,819
3,2,819
3,2,819
3,2,819
3,2,819
3,2,819
3,2,819
3,2,819
3,2,819
3,2,819
3,2,819
3,2,819
3,2,819
3,2,820
3,2,820
3,2,820
3,2,820
3,2,820
3,2,820
3,2,820
3,2,820
3,2,820
3,2,820
3,2,820
3,2,820
3,2,820
3,2,820
3,2,820
3,2,820
3,2,820
3,2,820
3,2,820
3,2,820
3,2,820
3,2,820
3,2,820
3,2,820
3,2,820
3,2,820
3,2,820
3,2,820
3,2,820
3,2,820
3,2,820
3,2,820
3,2,820
3,2,820
3,2,820
3,2,820
3,2,820
3,2,820
3,2,820
3,2,820
3,2,820
3,2,820
3,2,820
3,2,820
3,2,820
3,2,820
3,2,820
3,2,820
3,2,820
3,2,820
3,2,820
3,2,821
3,2,821
3,2,821
3,2,823
3,2,823
3,2,823
3,2,823
3,2,825
3,2,825
3,2,825
3,2,825
3,2,825
3,2,825
3,2,825
3,2,825
3,2,825
3,2,825
3,2,825
3,2,825
3,2,825
3,2,825
3,2,825
3,2,825
3,2,825
3,2,826
3,2,826
3,2,826
3,2,826
3,2,826
3,2,826
3,2,828
3,2,828
3,2,828
3,2,828
3,2,828
3,2,828
3,2,828
3,2,828
3,2,828
3,2,828
3,2,828
3,2,828
3,2,828
3,2,828
3,2,829
3,2,829
3,2,829
3,2,829
3,2,829
3,2,829
3,2,829
3,2,829
3,2,829
3,2,829
3,2,829
3,2,829
3,2,829
3,2,829
3,2,829
3,2,829
3,2,829
3,2,829
3,2,829
3,2,829
3,2,830
3,2,830
3,2,830
3,2,830
3,2,830
3,2,830
3,2,830
3,2,830
3,2,830
3,2,830
3,2,830
3,2,830
3,2,830
3,2,830
3,2,830
3,2,830
3,2,830
3,2,830
3,2,830
3,2,830
3,2,830
3,2,830
3,2,830
3,2,830
3,2,830
3,2,830
3,2,830
3,2,830
3,2,830
3,2,830
3,2,830
3,2,830
3,2,830
3,2,830
3,2,830
3,2,830
3,2,830
3,2,830
3,2,830
3,2,830
3,2,830
3,2,830
3,2,830
3,2,830
3,2,830
3,2,830
3,2,830
3,2,830
3,2,830
3,2,830
3,2,830
3,2,830
3,2,830
3,2,830
3,2,831
3,2,832
3,2,832
3,2,833
3,2,833
3,2,833
3,2,833
3,2,833
3,2,833
3,2,833
3,2,833
3,2,833
3,2,833
3,2,833
3,2,833
3,2,834
3,2,834
3,2,834
3,2,834
3,2,835
3,2,835
3,2,835
3,2,835
3,2,835
3,2,835
3,2,835
3,2,835
3,2,835
3,2,835
3,2,835
3,2,835
3,2,836
3,2,836
3,2,836
3,2,836
3,2,836
3,2,836
3,2,836
3,2,836
3,2,836
3,2,836
3,2,837
3,2,837
3,2,837
3,2,837
3,2,837
3,2,837
3,2,837
3,2,837
3,2,837
3,2,837
3,2,838
3,2,838
3,2,838
3,2,838
3,2,838
3,2,838
3,2,839
3,2,839
3,2,839
3,2,839
3,2,839
3,2,839
3,2,839
3,2,839
3,2,839
3,2,839
3,2,839
3,2,839
3,2,839
3,2,839
3,2,840
3,2,840
3,2,840
3,2,840
3,2,840
3,2,840
3,2,840
3,2,840
3,2,840
3,2,840
3,2,840
3,2,840
3,2,840
3,2,840
3,2,840
3,2,841
3,2,841
3,2,842
3,2,842
3,2,842
3,2,842
3,2,842
3,2,842
3,2,842
3,2,842
3,2,842
3,2,842
3,2,842
3,2,842
3,2,842
3,2,842
3,2,842
3,2,842
3,2,842
3,2,842
3,2,842
3,2,842
3,2,842
3,2,842
3,2,842
3,2,842
3,2,842
3,2,842
3,2,842
3,2,842
3,2,843
3,2,843
3,2,845
3,2,845
3,2,845
3,2,845
3,2,845
3,2,845
3,2,845
3,2,845
3,2,845
3,2,845
3,2,845
3,2,845
3,2,845
3,2,845
3,2,845
3,2,845
3,2,845
3,2,845
3,2,845
3,2,845
3,2,845
3,2,845
3,2,849
3,2,849
3,2,849
3,2,849
3,2,849
3,2,849
3,2,849
3,2,849
3,2,849
3,2,849
3,2,849
3,2,849
3,2,849
3,2,849
3,2,850
3,2,850
3,2,850
3,2,850
3,2,850
3,2,850
3,2,850
3,2,850
3,2,850
3,2,850
3,2,850
3,2,850
3,2,850
3,2,850
3,2,850
3,2,850
3,2,850
3,2,850
3,2,850
3,2,850
3,2,850
3,2,850
3,2,850
3,2,850
3,2,850
3,2,850
3,2,850
3,2,850
3,2,850
3,2,850
3,2,850
3,2,850
3,2,850
3,2,850
3,2,850
3,2,850
3,2,850
3,2,850
3,2,850
3,2,850
3,2,850
3,2,850
3,2,850
3,2,850
3,2,850
3,2,850
3,2,850
3,2,850
3,2,850
3,2,850
3,2,850
3,2,850
3,2,850
3,2,850
3,2,850
3,2,850
3,2,850
3,2,850
3,2,850
3,2,850
3,2,850
3,2,850
3,2,850
3,2,850
3,2,850
3,2,850
3,2,850
3,2,850
3,2,850
3,2,850
3,2,850
3,2,850
3,2,850
3,2,850
3,2,850
3,2,850
3,2,850
3,2,850
3,2,850
3,2,850
3,2,850
3,2,850
3,2,850
3,2,850
3,2,850
3,2,850
3,2,850
3,2,850
3,2,850
3,2,850
3,2,850
3,2,850
3,2,850
3,2,850
3,2,850
3,2,850
3,2,850
3,2,850
3,2,850
3,2,850
3,2,850
3,2,850
3,2,850
3,2,850
3,2,850
3,2,850
3,2,850
3,2,850
3,2,850
3,2,850
3,2,850
3,2,850
3,2,850
3,2,850
3,2,850
3,2,850
3,2,850
3,2,850
3,2,850
3,2,850
3,2,850
3,2,850
3,2,850
3,2,850
3,2,850
3,2,850
3,2,850
3,2,850
3,2,850
3,2,850
3,2,850
3,2,850
3,2,850
3,2,850
3,2,850
3,2,850
3,2,850
3,2,850
3,2,850
3,2,850
3,2,850
3,2,850
3,2,850
3,2,850
3,2,850
3,2,850
3,2,850
3,2,850
3,2,850
3,2,850
3,2,850
3,2,850
3,2,850
3,2,850
3,2,850
3,2,850
3,2,850
3,2,850
3,2,850
3,2,850
3,2,850
3,2,850
3,2,850
3,2,850
3,2,850
3,2,850
3,2,850
3,2,850
3,2,850
3,2,850
3,2,850
3,2,850
3,2,850
3,2,850
3,2,850
3,2,850
3,2,850
3,2,850
3,2,850
3,2,850
3,2,850
3,2,850
3,2,850
3,2,850
3,2,850
3,2,850
3,2,850
3,2,850
3,2,850
3,2,850
3,2,850
3,2,850
3,2,850
3,2,850
3,2,850
3,2,850
3,2,850
3,2,850
3,2,850
3,2,850
3,2,850
3,2,850
3,2,850
3,2,850
3,2,850
3,2,850
3,2,850
3,2,850
3,2,850
3,2,850
3,2,850
3,2,850
3,2,850
3,2,850
3,2,850
3,2,850
3,2,850
3,2,850
3,2,850
3,2,850
3,2,850
3,2,850
3,2,850
3,2,850
3,2,850
3,2,850
3,2,850
3,2,850
3,2,850
3,2,850
3,2,850
3,2,850
3,2,850
3,2,850
3,2,850
3,2,850
3,2,850
3,2,850
3,2,850
3,2,850
3,2,850
3,2,850
3,2,850
3,2,850
3,2,850
3,2,850
3,2,850
3,2,850
3,2,850
3,2,850
3,2,850
3,2,850
3,2,850
3,2,850
3,2,850
3,2,850
3,2,850
3,2,850
3,2,850
3,2,850
3,2,850
3,2,850
3,2,850
3,2,850
3,2,850
3,2,850
3,2,850
3,2,850
3,2,850
3,2,850
3,2,850
3,2,850
3,2,850
3,2,850
3,2,850
3,2,850
3,2,850
3,2,850
3,2,850
3,2,850
3,2,850
3,2,850
3,2,850
3,2,850
3,2,850
3,2,850
3,2,850
3,2,850
3,2,850
3,2,850
3,2,850
3,2,850
3,2,850
3,2,850
3,2,850
3,2,850
3,2,850
3,2,850
3,2,850
3,2,850
3,2,850
3,2,850
3,2,850
3,2,850
3,2,850
3,2,850
3,2,850
3,2,850
3,2,850
3,2,850
3,2,850
3,2,850
3,2,850
3,2,850
3,2,850
3,2,850
3,2,850
3,2,850
3,2,850
3,2,850
3,2,850
3,2,850
3,2,850
3,2,850
3,2,850
3,2,850
3,2,850
3,2,850
3,2,850
3,2,850
3,2,850
3,2,850
3,2,850
3,2,850
3,2,850
3,2,850
3,2,850
3,2,850
3,2,850
3,2,850
3,2,850
3,2,850
3,2,850
3,2,850
3,2,850
3,2,850
3,2,850
3,2,850
3,2,850
3,2,850
3,2,850
3,2,850
3,2,850
3,2,850
3,2,850
3,2,850
3,2,850
3,2,850
3,2,850
3,2,850
3,2,850
3,2,850
3,2,850
3,2,850
3,2,850
3,2,850
3,2,850
3,2,850
3,2,850
3,2,850
3,2,850
3,2,850
3,2,850
3,2,850
3,2,850
3,2,850
3,2,850
3,2,850
3,2,850
3,2,850
3,2,850
3,2,850
3,2,850
3,2,850
3,2,850
3,2,850
3,2,850
3,2,850
3,2,850
3,2,850
3,2,850
3,2,850
3,2,850
3,2,850
3,2,850
3,2,850
3,2,850
3,2,850
3,2,850
3,2,850
3,2,850
3,2,850
3,2,850
3,2,850
3,2,850
3,2,850
3,2,850
3,2,850
3,2,850
3,2,850
3,2,850
3,2,850
3,2,850
3,2,850
3,2,850
3,2,850
3,2,850
3,2,850
3,2,850
3,2,850
3,2,850
3,2,850
3,2,850
3,2,850
3,2,850
3,2,850
3,2,850
3,2,850
3,2,850
3,2,850
3,2,850
3,2,850
3,2,850
3,2,850
3,2,850
3,2,850
3,2,850
3,2,850
3,2,850
3,2,850
3,2,850
3,2,850
3,2,850
3,2,850
3,2,850
3,2,850
3,2,850
3,2,850
3,2,850
3,2,850
3,2,850
3,2,850
3,2,850
3,2,850
3,2,850
3,2,850
3,2,850
3,2,850
3,2,850
3,2,850
3,2,850
3,2,850
3,2,850
3,2,850
3,2,850
3,2,850
3,2,850
3,2,850
3,2,850
3,2,850
3,2,850
3,2,850
3,2,850
3,2,850
3,2,850
3,2,850
3,2,850
3,2,850
3,2,850
3,2,850
3,2,850
3,2,850
3,2,850
3,2,850
3,2,850
3,2,850
3,2,850
3,2,850
3,2,850
3,2,850
3,2,850
3,2,850
3,2,850
3,2,850
3,2,850
3,2,850
3,2,850
3,2,850
3,2,850
3,2,850
3,2,850
3,2,850
3,2,850
3,2,850
3,2,850
3,2,850
3,2,850
3,2,850
3,2,850
3,2,850
3,2,850
3,2,850
3,2,850
3,2,850
3,2,850
3,2,850
3,2,850
3,2,850
3,2,850
3,2,850
3,2,850
3,2,850
3,2,850
3,2,850
3,2,850
3,2,850
3,2,850
3,2,850
3,2,850
3,2,850
3,2,850
3,2,850
3,2,850
3,2,850
3,2,850
3,2,850
3,2,850
3,2,850
3,2,850
3,2,850
3,2,850
3,2,850
3,2,850
3,2,850
3,2,850
3,2,850
3,2,850
3,2,850
3,2,850
3,2,850
3,2,850
3,2,850
3,2,850
3,2,850
3,2,850
3,2,850
3,2,850
3,2,850
3,2,850
3,2,850
3,2,850
3,2,850
3,2,850
3,2,850
3,2,850
3,2,850
3,2,850
3,2,850
3,2,850
3,2,850
3,2,850
3,2,850
3,2,850
3,2,850
3,2,850
3,2,850
3,2,850
3,2,850
3,2,850
3,2,850
3,2,850
3,2,850
3,2,850
3,2,850
3,2,850
3,2,850
3,2,850
3,2,850
3,2,850
3,2,850
3,2,850
3,2,850
3,2,850
3,2,850
3,2,850
3,2,850
3,2,850
3,2,850
3,2,850
3,2,850
3,2,850
3,2,850
3,2,850
3,2,850
3,2,850
3,2,850
3,2,850
3,2,850
3,2,850
3,2,850
3,2,850
3,2,850
3,2,850
3,2,850
3,2,850
3,2,850
3,2,850
3,2,850
3,2,850
3,2,850
3,2,850
3,2,850
3,2,850
3,2,850
3,2,850
3,2,850
3,2,850
3,2,850
3,2,850
3,2,850
3,2,850
3,2,850
3,2,850
3,2,850
3,2,850
3,2,850
3,2,850
3,2,850
3,2,850
3,2,850
3,2,850
3,2,850
3,2,850
3,2,850
3,2,850
3,2,850
3,2,850
3,2,850
3,2,850
3,2,850
3,2,850
3,2,850
3,2,850
3,2,850
3,2,850
3,2,850
3,2,850
3,2,850
3,2,850
3,2,850
3,2,850
3,2,850
3,2,850
3,2,850
3,2,850
3,2,850
3,2,850
3,2,850
3,2,850
3,2,850
3,2,850
3,2,850
3,2,850
3,2,850
3,2,850
3,2,850
3,2,850
3,2,850
3,2,850
3,2,850
3,2,850
3,2,850
3,2,850
3,2,850
3,2,850
3,2,850
3,2,850
3,2,850
3,2,850
3,2,850
3,2,850
3,2,850
3,2,850
3,2,850
3,2,850
3,2,850
3,2,850
3,2,850
3,2,850
3,2,850
3,2,850
3,2,850
3,2,850
3,2,850
3,2,850
3,2,850
3,2,850
3,2,850
3,2,850
3,2,850
3,2,850
3,2,850
3,2,850
3,2,850
3,2,850
3,2,850
3,2,850
3,2,850
3,2,850
3,2,850
3,2,850
3,2,850
3,2,850
3,2,850
3,2,850
3,2,850
3,2,850
3,2,850
3,2,850
3,2,850
3,2,850
3,2,850
3,2,850
3,2,850
3,2,850
3,2,850
3,2,850
3,2,850
3,2,850
3,2,850
3,2,850
3,2,850
3,2,850
3,2,850
3,2,850
3,2,850
3,2,850
3,2,850
3,2,850
3,2,850
3,2,850
3,2,850
3,2,850
3,2,850
3,2,850
3,2,850
3,2,850
3,2,850
3,2,850
3,2,850
3,2,850
3,2,850
3,2,850
3,2,850
3,2,850
3,2,850
3,2,850
3,2,850
3,2,850
3,2,850
3,2,850
3,2,850
3,2,850
3,2,850
3,2,850
3,2,850
3,2,850
3,2,850
3,2,850
3,2,850
3,2,850
3,2,850
3,2,850
3,2,850
3,2,850
3,2,850
3,2,850
3,2,850
3,2,850
3,2,850
3,2,850
3,2,850
3,2,850
3,2,850
3,2,850
3,2,850
3,2,850
3,2,850
3,2,850
3,2,850
3,2,850
3,2,850
3,2,850
3,2,850
3,2,850
3,2,850
3,2,850
3,2,850
3,2,850
3,2,850
3,2,850
3,2,850
3,2,850
3,2,850
3,2,850
3,2,850
3,2,850
3,2,850
3,2,850
3,2,850
3,2,850
3,2,850
3,2,850
3,2,850
3,2,850
3,2,850
3,2,850
3,2,850
3,2,850
3,2,850
3,2,850
3,2,850
3,2,850
3,2,850
3,2,850
3,2,850
3,2,850
3,2,850
3,2,850
3,2,850
3,2,850
3,2,850
3,2,850
3,2,850
3,2,850
3,2,850
3,2,850
3,2,850
3,2,850
3,2,850
3,2,850
3,2,850
3,2,850
3,2,850
3,2,850
3,2,850
3,2,850
3,2,850
3,2,850
3,2,850
3,2,850
3,2,850
3,2,850
3,2,850
3,2,850
3,2,850
3,2,850
3,2,850
3,2,850
3,2,850
3,2,850
3,2,850
3,2,850
3,2,850
3,2,850
3,2,850
3,2,850
3,2,850
3,2,850
3,2,850
3,2,850
3,2,850
3,2,850
3,2,850
3,2,850
3,2,850
3,2,850
3,2,850
3,2,850
3,2,850
3,2,850
3,2,850
3,2,850
3,2,850
3,2,850
3,2,850
3,2,850
3,2,850
3,2,850
3,2,850
3,2,850
3,2,850
3,2,850
3,2,850
3,2,850
3,2,850
3,2,850
3,2,850
3,2,850
3,2,850
3,2,850
3,2,850
3,2,850
3,2,850
3,2,850
3,2,850
3,2,850
3,2,850
3,2,850
3,2,850
3,2,850
3,2,850
3,2,850
3,2,850
3,2,850
3,2,850
3,2,850
3,2,850
3,2,850
3,2,850
3,2,850
3,2,850
3,2,850
3,2,850
3,2,850
3,2,850
3,2,850
3,2,850
3,2,850
3,2,850
3,2,850
3,2,850
3,2,850
3,2,850
3,2,850
3,2,850
3,2,850
3,2,850
3,2,850
3,2,850
3,2,850
3,2,850
3,2,850
3,2,850
3,2,850
3,2,850
3,2,850
3,2,850
3,2,850
3,2,850
3,2,850
3,2,850
3,2,850
3,2,850
3,2,850
3,2,850
3,2,850
3,2,850
3,2,850
3,2,850
3,2,850
3,2,850
3,2,850
3,2,850
3,2,850
3,2,850
3,2,850
3,2,850
3,2,850
3,2,850
3,2,850
3,2,850
3,2,850
3,2,850
3,2,850
3,2,850
3,2,850
3,2,850
3,2,850
3,2,850
3,2,850
3,2,850
3,2,850
3,2,850
3,2,850
3,2,850
3,2,850
3,2,850
3,2,850
3,2,850
3,2,850
3,2,850
3,2,850
3,2,850
3,2,850
3,2,850
3,2,850
3,2,850
3,2,850
3,2,850
3,2,850
3,2,850
3,2,850
3,2,850
3,2,850
3,2,850
3,2,850
3,2,850
3,2,850
3,2,850
3,2,850
3,2,850
3,2,850
3,2,850
3,2,850
3,2,850
3,2,850
3,2,850
3,2,850
3,2,850
3,2,850
3,2,850
3,2,850
3,2,850
3,2,850
3,2,850
3,2,850
3,2,850
3,2,850
3,2,850
3,2,850
3,2,850
3,2,850
3,2,850
3,2,850
3,2,850
3,2,850
3,2,850
3,2,850
3,2,850
3,2,850
3,2,850
3,2,850
3,2,850
3,2,850
3,2,850
3,2,850
3,2,850
3,2,850
3,2,850
3,2,850
3,2,850
3,2,850
3,2,850
3,2,850
3,2,850
3,2,850
3,2,850
3,2,850
3,2,850
3,2,850
3,2,850
3,2,850
3,2,850
3,2,850
3,2,850
3,2,850
3,2,850
3,2,850
3,2,850
3,2,850
3,2,850
3,2,850
3,2,850
3,2,850
3,2,850
3,2,850
3,2,850
3,2,850
3,2,850
3,2,850
3,2,850
3,2,850
3,2,850
3,2,850
3,2,850
3,2,850
3,2,850
3,2,850
3,2,850
3,2,850
3,2,850
3,2,850
3,2,850
3,2,850
3,2,850
3,2,850
3,2,850
3,2,850
3,2,850
3,2,850
3,2,850
3,2,850
3,2,850
3,2,850
3,2,850
3,2,850
3,2,850
3,2,850
3,2,850
3,2,850
3,2,850
3,2,850
3,2,850
3,2,850
3,2,850
3,2,850
3,2,850
3,2,850
3,2,850
3,2,850
3,2,850
3,2,850
3,2,850
3,2,850
3,2,850
3,2,850
3,2,850
3,2,850
3,2,850
3,2,850
3,2,850
3,2,850
3,2,850
3,2,850
3,2,850
3,2,850
3,2,850
3,2,850
3,2,850
3,2,850
3,2,850
3,2,850
3,2,850
3,2,850
3,2,850
3,2,850
3,2,850
3,2,850
3,2,850
3,2,850
3,2,850
3,2,850
3,2,850
3,2,850
3,2,850
3,2,850
3,2,850
3,2,850
3,2,850
3,2,850
3,2,850
3,2,850
3,2,850
3,2,850
3,2,850
3,2,850
3,2,850
3,2,850
3,2,850
3,2,850
3,2,850
3,2,850
3,2,850
3,2,850
3,2,850
3,2,850
3,2,850
3,2,850
3,2,850
3,2,850
3,2,850
3,2,850
3,2,850
3,2,850
3,2,850
3,2,850
3,2,850
3,2,850
3,2,850
3,2,850
3,2,850
3,2,850
3,2,850
3,2,850
3,2,850
3,2,850
3,2,850
3,2,850
3,2,850
3,2,850
3,2,850
3,2,850
3,2,850
3,2,850
3,2,850
3,2,850
3,2,850
3,2,850
3,2,850
3,2,850
3,2,850
3,2,850
3,2,850
3,2,850
3,2,850
3,2,850
3,2,850
3,2,850
3,2,850
3,2,850
3,2,850
3,2,850
3,2,850
3,2,850
3,2,850
3,2,850
3,2,850
3,2,850
3,2,850
3,2,851
3,2,851
3,2,851
3,2,851
3,2,851
3,2,851
3,2,851
3,2,852
3,2,852
3,2,852
3,2,852
3,2,852
3,2,852
3,2,852
3,2,852
3,2,852
3,2,852
3,2,852
3,2,852
3,2,852
3,2,852
3,2,852
3,2,852
3,2,852
3,2,852
3,2,852
3,2,852
3,2,852
3,2,852
3,2,852
3,2,852
3,2,852
3,2,852
3,2,852
3,2,852
3,2,852
3,2,852
3,2,852
3,2,852
3,2,852
3,2,852
3,2,852
3,2,852
3,2,852
3,2,852
3,2,852
3,2,852
3,2,853
3,2,853
3,2,853
3,2,853
3,2,853
3,2,853
3,2,853
3,2,854
3,2,854
3,2,854
3,2,854
3,2,854
3,2,854
3,2,854
3,2,854
3,2,854
3,2,854
3,2,854
3,2,854
3,2,854
3,2,854
3,2,854
3,2,854
3,2,854
3,2,854
3,2,854
3,2,855
3,2,855
3,2,855
3,2,855
3,2,855
3,2,855
3,2,855
3,2,855
3,2,855
3,2,855
3,2,855
3,2,855
3,2,855
3,2,855
3,2,855
3,2,855
3,2,855
3,2,855
3,2,856
3,2,856
3,2,856
3,2,856
3,2,857
3,2,857
3,2,857
3,2,857
3,2,857
3,2,857
3,2,857
3,2,857
3,2,857
3,2,857
3,2,857
3,2,857
3,2,857
3,2,858
3,2,858
3,2,859
3,2,859
3,2,859
3,2,859
3,2,859
3,2,859
3,2,859
3,2,859
3,2,859
3,2,859
3,2,859
3,2,860
3,2,860
3,2,860
3,2,860
3,2,860
3,2,860
3,2,860
3,2,860
3,2,860
3,2,860
3,2,860
3,2,860
3,2,860
3,2,860
3,2,860
3,2,860
3,2,860
3,2,860
3,2,860
3,2,860
3,2,860
3,2,860
3,2,860
3,2,860
3,2,860
3,2,860
3,2,860
3,2,860
3,2,860
3,2,860
3,2,860
3,2,860
3,2,860
3,2,860
3,2,860
3,2,860
3,2,860
3,2,860
3,2,860
3,2,860
3,2,860
3,2,860
3,2,860
3,2,860
3,2,860
3,2,860
3,2,860
3,2,860
3,2,860
3,2,860
3,2,860
3,2,860
3,2,860
3,2,860
3,2,860
3,2,860
3,2,860
3,2,860
3,2,860
3,2,860
3,2,860
3,2,860
3,2,860
3,2,860
3,2,860
3,2,860
3,2,860
3,2,860
3,2,860
3,2,860
3,2,860
3,2,860
3,2,860
3,2,860
3,2,860
3,2,860
3,2,860
3,2,860
3,2,860
3,2,860
3,2,860
3,2,860
3,2,860
3,2,860
3,2,860
3,2,860
3,2,860
3,2,860
3,2,860
3,2,860
3,2,860
3,2,860
3,2,860
3,2,860
3,2,860
3,2,860
3,2,860
3,2,860
3,2,860
3,2,861
3,2,861
3,2,861
3,2,861
3,2,861
3,2,861
3,2,861
3,2,861
3,2,861
3,2,861
3,2,861
3,2,861
3,2,861
3,2,861
3,2,861
3,2,861
3,2,862
3,2,862
3,2,862
3,2,862
3,2,862
3,2,862
3,2,862
3,2,862
3,2,862
3,2,862
3,2,862
3,2,862
3,2,862
3,2,862
3,2,862
3,2,862
3,2,862
3,2,862
3,2,862
3,2,862
3,2,862
3,2,862
3,2,862
3,2,862
3,2,862
3,2,862
3,2,862
3,2,862
3,2,862
3,2,862
3,2,862
3,2,862
3,2,862
3,2,862
3,2,862
3,2,862
3,2,863
3,2,863
3,2,863
3,2,863
3,2,863
3,2,863
3,2,863
3,2,863
3,2,863
3,2,863
3,2,863
3,2,863
3,2,863
3,2,863
3,2,863
3,2,863
3,2,863
3,2,863
3,2,863
3,2,863
3,2,863
3,2,863
3,2,864
3,2,864
3,2,864
3,2,864
3,2,864
3,2,864
3,2,864
3,2,864
3,2,864
3,2,864
3,2,864
3,2,864
3,2,864
3,2,864
3,2,864
3,2,864
3,2,864
3,2,864
3,2,864
3,2,864
3,2,864
3,2,864
3,2,864
3,2,864
3,2,864
3,2,865
3,2,865
3,2,865
3,2,865
3,2,865
3,2,865
3,2,865
3,2,865
3,2,865
3,2,865
3,2,865
3,2,865
3,2,865
3,2,865
3,2,865
3,2,865
3,2,865
3,2,865
3,2,865
3,2,865
3,2,865
3,2,865
3,2,865
3,2,865
3,2,865
3,2,865
3,2,865
3,2,865
3,2,866
3,2,867
3,2,867
3,2,867
3,2,867
3,2,867
3,2,867
3,2,867
3,2,867
3,2,868
3,2,868
3,2,869
3,2,869
3,2,869
3,2,870
3,2,870
3,2,870
3,2,870
3,2,870
3,2,870
3,2,870
3,2,870
3,2,870
3,2,870
3,2,870
3,2,870
3,2,870
3,2,870
3,2,870
3,2,870
3,2,870
3,2,870
3,2,870
3,2,870
3,2,870
3,2,870
3,2,870
3,2,870
3,2,870
3,2,870
3,2,870
3,2,870
3,2,870
3,2,870
3,2,870
3,2,870
3,2,870
3,2,870
3,2,870
3,2,870
3,2,870
3,2,870
3,2,870
3,2,870
3,2,870
3,2,870
3,2,870
3,2,870
3,2,870
3,2,870
3,2,870
3,2,870
3,2,870
3,2,870
3,2,870
3,2,870
3,2,870
3,2,870
3,2,870
3,2,870
3,2,870
3,2,870
3,2,870
3,2,870
3,2,870
3,2,870
3,2,870
3,2,870
3,2,870
3,2,870
3,2,870
3,2,870
3,2,870
3,2,870
3,2,870
3,2,870
3,2,870
3,2,870
3,2,870
3,2,870
3,2,871
3,2,871
3,2,871
3,2,871
3,2,871
3,2,871
3,2,871
3,2,871
3,2,872
3,2,872
3,2,872
3,2,872
3,2,872
3,2,872
3,2,872
3,2,872
3,2,872
3,2,873
3,2,873
3,2,873
3,2,873
3,2,873
3,2,874
3,2,874
3,2,875
3,2,875
3,2,875
3,2,875
3,2,875
3,2,875
3,2,875
3,2,875
3,2,875
3,2,875
3,2,875
3,2,875
3,2,875
3,2,875
3,2,875
3,2,875
3,2,875
3,2,875
3,2,875
3,2,875
3,2,875
3,2,875
3,2,875
3,2,875
3,2,875
3,2,875
3,2,875
3,2,875
3,2,875
3,2,875
3,2,875
3,2,875
3,2,875
3,2,875
3,2,875
3,2,875
3,2,875
3,2,875
3,2,875
3,2,875
3,2,875
3,2,875
3,2,875
3,2,875
3,2,875
3,2,875
3,2,876
3,2,876
3,2,876
3,2,876
3,2,876
3,2,876
3,2,876
3,2,876
3,2,876
3,2,876
3,2,876
3,2,876
3,2,876
3,2,876
3,2,876
3,2,876
3,2,877
3,2,877
3,2,877
3,2,877
3,2,877
3,2,877
3,2,877
3,2,877
3,2,877
3,2,877
3,2,878
3,2,878
3,2,878
3,2,878
3,2,878
3,2,878
3,2,878
3,2,878
3,2,878
3,2,878
3,2,878
3,2,878
3,2,878
3,2,879
3,2,879
3,2,879
3,2,879
3,2,879
3,2,879
3,2,880
3,2,880
3,2,880
3,2,880
3,2,880
3,2,880
3,2,880
3,2,880
3,2,880
3,2,880
3,2,880
3,2,880
3,2,880
3,2,880
3,2,880
3,2,880
3,2,880
3,2,880
3,2,880
3,2,880
3,2,880
3,2,880
3,2,880
3,2,880
3,2,880
3,2,881
3,2,882
3,2,882
3,2,882
3,2,882
3,2,882
3,2,882
3,2,882
3,2,882
3,2,882
3,2,882
3,2,882
3,2,882
3,2,883
3,2,883
3,2,883
3,2,883
3,2,883
3,2,883
3,2,883
3,2,883
3,2,883
3,2,883
3,2,883
3,2,883
3,2,883
3,2,883
3,2,883
3,2,883
3,2,883
3,2,883
3,2,883
3,2,883
3,2,883
3,2,883
3,2,883
3,2,883
3,2,883
3,2,883
3,2,883
3,2,883
3,2,883
3,2,883
3,2,883
3,2,883
3,2,883
3,2,883
3,2,883
3,2,883
3,2,883
3,2,883
3,2,883
3,2,883
3,2,883
3,2,883
3,2,883
3,2,884
3,2,884
3,2,884
3,2,884
3,2,884
3,2,884
3,2,884
3,2,884
3,2,884
3,2,884
3,2,884
3,2,884
3,2,884
3,2,884
3,2,884
3,2,884
3,2,884
3,2,884
3,2,884
3,2,884
3,2,884
3,2,885
3,2,885
3,2,885
3,2,885
3,2,885
3,2,885
3,2,885
3,2,885
3,2,885
3,2,885
3,2,885
3,2,885
3,2,885
3,2,885
3,2,885
3,2,885
3,2,886
3,2,887
3,2,887
3,2,888
3,2,888
3,2,888
3,2,888
3,2,888
3,2,888
3,2,888
3,2,888
3,2,888
3,2,888
3,2,888
3,2,888
3,2,888
3,2,888
3,2,888
3,2,888
3,2,888
3,2,889
3,2,889
3,2,889
3,2,889
3,2,889
3,2,889
3,2,890
3,2,890
3,2,890
3,2,890
3,2,890
3,2,890
3,2,890
3,2,890
3,2,890
3,2,890
3,2,890
3,2,890
3,2,890
3,2,890
3,2,890
3,2,890
3,2,890
3,2,890
3,2,890
3,2,890
3,2,890
3,2,890
3,2,890
3,2,890
3,2,890
3,2,890
3,2,890
3,2,890
3,2,890
3,2,890
3,2,890
3,2,890
3,2,890
3,2,890
3,2,890
3,2,890
3,2,890
3,2,890
3,2,890
3,2,890
3,2,890
3,2,890
3,2,890
3,2,890
3,2,890
3,2,890
3,2,891
3,2,891
3,2,891
3,2,891
3,2,892
3,2,892
3,2,892
3,2,892
3,2,892
3,2,892
3,2,893
3,2,893
3,2,893
3,2,893
3,2,893
3,2,893
3,2,893
3,2,893
3,2,893
3,2,893
3,2,893
3,2,893
3,2,893
3,2,893
3,2,893
3,2,893
3,2,893
3,2,893
3,2,893
3,2,893
3,2,893
3,2,893
3,2,893
3,2,893
3,2,893
3,2,893
3,2,893
3,2,893
3,2,893
3,2,893
3,2,893
3,2,893
3,2,893
3,2,893
3,2,893
3,2,893
3,2,893
3,2,893
3,2,893
3,2,895
3,2,895
3,2,895
3,2,895
3,2,895
3,2,895
3,2,895
3,2,895
3,2,895
3,2,895
3,2,895
3,2,895
3,2,895
3,2,895
3,2,895
3,2,895
3,2,895
3,2,896
3,2,896
3,2,896
3,2,896
3,2,896
3,2,896
3,2,896
3,2,896
3,2,896
3,2,896
3,2,896
3,2,897
3,2,897
3,2,897
3,2,898
3,2,898
3,2,898
3,2,898
3,2,898
3,2,898
3,2,900
3,2,900
3,2,900
3,2,900
3,2,900
3,2,900
3,2,900
3,2,900
3,2,900
3,2,900
3,2,900
3,2,900
3,2,900
3,2,900
3,2,900
3,2,900
3,2,900
3,2,900
3,2,900
3,2,900
3,2,900
3,2,900
3,2,900
3,2,900
3,2,900
3,2,900
3,2,900
3,2,900
3,2,900
3,2,900
3,2,900
3,2,900
3,2,900
3,2,900
3,2,900
3,2,900
3,2,900
3,2,900
3,2,900
3,2,900
3,2,900
3,2,900
3,2,900
3,2,900
3,2,900
3,2,900
3,2,900
3,2,900
3,2,900
3,2,900
3,2,900
3,2,900
3,2,900
3,2,900
3,2,900
3,2,900
3,2,900
3,2,900
3,2,900
3,2,900
3,2,900
3,2,900
3,2,900
3,2,900
3,2,900
3,2,900
3,2,900
3,2,900
3,2,900
3,2,900
3,2,900
3,2,900
3,2,900
3,2,900
3,2,900
3,2,900
3,2,900
3,2,900
3,2,900
3,2,900
3,2,900
3,2,900
3,2,900
3,2,900
3,2,900
3,2,900
3,2,900
3,2,900
3,2,900
3,2,900
3,2,900
3,2,900
3,2,900
3,2,900
3,2,900
3,2,900
3,2,900
3,2,900
3,2,900
3,2,900
3,2,900
3,2,900
3,2,900
3,2,900
3,2,900
3,2,900
3,2,900
3,2,900
3,2,900
3,2,900
3,2,900
3,2,900
3,2,900
3,2,900
3,2,900
3,2,900
3,2,900
3,2,900
3,2,900
3,2,900
3,2,900
3,2,900
3,2,900
3,2,900
3,2,900
3,2,900
3,2,900
3,2,900
3,2,900
3,2,900
3,2,900
3,2,900
3,2,900
3,2,900
3,2,900
3,2,900
3,2,900
3,2,900
3,2,900
3,2,900
3,2,900
3,2,900
3,2,900
3,2,900
3,2,900
3,2,900
3,2,900
3,2,900
3,2,900
3,2,900
3,2,900
3,2,900
3,2,900
3,2,900
3,2,900
3,2,900
3,2,900
3,2,900
3,2,900
3,2,900
3,2,900
3,2,900
3,2,900
3,2,900
3,2,900
3,2,900
3,2,900
3,2,900
3,2,900
3,2,900
3,2,900
3,2,900
3,2,900
3,2,900
3,2,900
3,2,900
3,2,900
3,2,900
3,2,900
3,2,900
3,2,900
3,2,900
3,2,900
3,2,900
3,2,900
3,2,900
3,2,900
3,2,900
3,2,900
3,2,900
3,2,900
3,2,900
3,2,900
3,2,900
3,2,900
3,2,900
3,2,900
3,2,900
3,2,900
3,2,900
3,2,900
3,2,900
3,2,900
3,2,900
3,2,900
3,2,900
3,2,900
3,2,900
3,2,900
3,2,900
3,2,900
3,2,900
3,2,900
3,2,900
3,2,900
3,2,900
3,2,900
3,2,900
3,2,900
3,2,900
3,2,900
3,2,900
3,2,900
3,2,900
3,2,900
3,2,900
3,2,900
3,2,900
3,2,900
3,2,900
3,2,900
3,2,900
3,2,900
3,2,900
3,2,900
3,2,900
3,2,900
3,2,900
3,2,900
3,2,900
3,2,900
3,2,900
3,2,900
3,2,900
3,2,900
3,2,900
3,2,900
3,2,900
3,2,900
3,2,900
3,2,900
3,2,900
3,2,900
3,2,900
3,2,900
3,2,900
3,2,900
3,2,900
3,2,900
3,2,900
3,2,900
3,2,900
3,2,900
3,2,900
3,2,900
3,2,900
3,2,900
3,2,900
3,2,900
3,2,900
3,2,900
3,2,900
3,2,900
3,2,900
3,2,900
3,2,900
3,2,900
3,2,900
3,2,900
3,2,900
3,2,900
3,2,900
3,2,900
3,2,900
3,2,900
3,2,900
3,2,900
3,2,900
3,2,900
3,2,900
3,2,900
3,2,900
3,2,900
3,2,900
3,2,900
3,2,900
3,2,900
3,2,900
3,2,900
3,2,900
3,2,900
3,2,900
3,2,900
3,2,900
3,2,900
3,2,900
3,2,900
3,2,900
3,2,900
3,2,900
3,2,900
3,2,900
3,2,900
3,2,900
3,2,900
3,2,900
3,2,900
3,2,900
3,2,900
3,2,900
3,2,900
3,2,900
3,2,900
3,2,900
3,2,900
3,2,900
3,2,900
3,2,900
3,2,900
3,2,900
3,2,900
3,2,900
3,2,900
3,2,900
3,2,900
3,2,900
3,2,900
3,2,900
3,2,900
3,2,900
3,2,900
3,2,900
3,2,900
3,2,900
3,2,900
3,2,900
3,2,900
3,2,900
3,2,900
3,2,900
3,2,900
3,2,900
3,2,900
3,2,900
3,2,900
3,2,900
3,2,900
3,2,900
3,2,900
3,2,900
3,2,900
3,2,900
3,2,900
3,2,900
3,2,900
3,2,900
3,2,900
3,2,900
3,2,900
3,2,900
3,2,900
3,2,900
3,2,900
3,2,900
3,2,900
3,2,900
3,2,900
3,2,900
3,2,900
3,2,900
3,2,900
3,2,900
3,2,900
3,2,900
3,2,900
3,2,900
3,2,900
3,2,900
3,2,900
3,2,900
3,2,900
3,2,900
3,2,900
3,2,900
3,2,900
3,2,900
3,2,900
3,2,900
3,2,900
3,2,900
3,2,900
3,2,900
3,2,900
3,2,900
3,2,900
3,2,900
3,2,900
3,2,900
3,2,900
3,2,900
3,2,900
3,2,900
3,2,900
3,2,900
3,2,900
3,2,900
3,2,900
3,2,900
3,2,900
3,2,900
3,2,900
3,2,900
3,2,900
3,2,900
3,2,900
3,2,900
3,2,900
3,2,900
3,2,900
3,2,900
3,2,900
3,2,900
3,2,900
3,2,900
3,2,900
3,2,900
3,2,900
3,2,900
3,2,900
3,2,900
3,2,900
3,2,900
3,2,900
3,2,900
3,2,900
3,2,900
3,2,900
3,2,900
3,2,900
3,2,900
3,2,900
3,2,900
3,2,900
3,2,900
3,2,900
3,2,900
3,2,900
3,2,900
3,2,900
3,2,900
3,2,900
3,2,900
3,2,900
3,2,900
3,2,900
3,2,900
3,2,900
3,2,900
3,2,900
3,2,900
3,2,900
3,2,900
3,2,900
3,2,900
3,2,900
3,2,900
3,2,900
3,2,900
3,2,900
3,2,900
3,2,900
3,2,900
3,2,900
3,2,900
3,2,900
3,2,900
3,2,900
3,2,900
3,2,900
3,2,900
3,2,900
3,2,900
3,2,900
3,2,900
3,2,900
3,2,900
3,2,901
3,2,901
3,2,901
3,2,901
3,2,901
3,2,901
3,2,901
3,2,901
3,2,901
3,2,901
3,2,901
3,2,901
3,2,901
3,2,901
3,2,901
3,2,901
3,2,901
3,2,901
3,2,901
3,2,901
3,2,901
3,2,901
3,2,901
3,2,901
3,2,901
3,2,901
3,2,901
3,2,901
3,2,901
3,2,901
3,2,901
3,2,901
3,2,901
3,2,901
3,2,901
3,2,901
3,2,901
3,2,901
3,2,901
3,2,901
3,2,901
3,2,901
3,2,901
3,2,901
3,2,901
3,2,901
3,2,901
3,2,901
3,2,901
3,2,901
3,2,901
3,2,902
3,2,902
3,2,902
3,2,903
3,2,903
3,2,903
3,2,903
3,2,903
3,2,903
3,2,903
3,2,903
3,2,903
3,2,903
3,2,903
3,2,903
3,2,903
3,2,903
3,2,903
3,2,904
3,2,904
3,2,904
3,2,904
3,2,904
3,2,904
3,2,904
3,2,904
3,2,904
3,2,904
3,2,904
3,2,904
3,2,904
3,2,904
3,2,904
3,2,904
3,2,904
3,2,904
3,2,904
3,2,904
3,2,904
3,2,904
3,2,904
3,2,904
3,2,905
3,2,905
3,2,905
3,2,905
3,2,905
3,2,905
3,2,906
3,2,907
3,2,907
3,2,907
3,2,907
3,2,907
3,2,907
3,2,907
3,2,907
3,2,907
3,2,907
3,2,908
3,2,908
3,2,908
3,2,908
3,2,908
3,2,908
3,2,908
3,2,908
3,2,908
3,2,908
3,2,908
3,2,908
3,2,908
3,2,908
3,2,908
3,2,908
3,2,908
3,2,908
3,2,908
3,2,908
3,2,908
3,2,908
3,2,908
3,2,908
3,2,908
3,2,909
3,2,909
3,2,909
3,2,909
3,2,909
3,2,909
3,2,909
3,2,909
3,2,909
3,2,909
3,2,910
3,2,910
3,2,910
3,2,910
3,2,910
3,2,910
3,2,910
3,2,910
3,2,910
3,2,910
3,2,910
3,2,910
3,2,910
3,2,910
3,2,910
3,2,910
3,2,910
3,2,911
3,2,911
3,2,911
3,2,911
3,2,911
3,2,911
3,2,911
3,2,911
3,2,911
3,2,911
3,2,911
3,2,912
3,2,912
3,2,912
3,2,912
3,2,912
3,2,912
3,2,912
3,2,912
3,2,912
3,2,912
3,2,912
3,2,912
3,2,912
3,2,913
3,2,913
3,2,913
3,2,913
3,2,913
3,2,913
3,2,913
3,2,913
3,2,914
3,2,914
3,2,915
3,2,915
3,2,915
3,2,915
3,2,915
3,2,915
3,2,915
3,2,915
3,2,915
3,2,915
3,2,915
3,2,915
3,2,915
3,2,915
3,2,915
3,2,915
3,2,915
3,2,915
3,2,915
3,2,915
3,2,915
3,2,915
3,2,915
3,2,915
3,2,915
3,2,915
3,2,915
3,2,915
3,2,915
3,2,915
3,2,915
3,2,915
3,2,915
3,2,915
3,2,915
3,2,915
3,2,915
3,2,915
3,2,915
3,2,915
3,2,915
3,2,915
3,2,915
3,2,915
3,2,915
3,2,915
3,2,916
3,2,916
3,2,916
3,2,916
3,2,916
3,2,916
3,2,916
3,2,916
3,2,916
3,2,916
3,2,916
3,2,916
3,2,916
3,2,916
3,2,916
3,2,916
3,2,916
3,2,917
3,2,918
3,2,918
3,2,918
3,2,918
3,2,918
3,2,918
3,2,918
3,2,918
3,2,918
3,2,918
3,2,918
3,2,919
3,2,919
3,2,919
3,2,919
3,2,919
3,2,919
3,2,919
3,2,920
3,2,920
3,2,920
3,2,920
3,2,920
3,2,920
3,2,920
3,2,920
3,2,920
3,2,920
3,2,920
3,2,920
3,2,920
3,2,920
3,2,920
3,2,920
3,2,920
3,2,920
3,2,920
3,2,920
3,2,920
3,2,920
3,2,920
3,2,920
3,2,920
3,2,920
3,2,920
3,2,920
3,2,920
3,2,920
3,2,920
3,2,920
3,2,920
3,2,920
3,2,920
3,2,920
3,2,920
3,2,920
3,2,920
3,2,920
3,2,920
3,2,920
3,2,920
3,2,920
3,2,920
3,2,920
3,2,920
3,2,920
3,2,920
3,2,920
3,2,920
3,2,920
3,2,920
3,2,920
3,2,920
3,2,920
3,2,920
3,2,920
3,2,920
3,2,920
3,2,920
3,2,920
3,2,920
3,2,920
3,2,920
3,2,920
3,2,920
3,2,920
3,2,920
3,2,920
3,2,920
3,2,920
3,2,920
3,2,920
3,2,920
3,2,920
3,2,920
3,2,920
3,2,920
3,2,920
3,2,920
3,2,920
3,2,920
3,2,920
3,2,920
3,2,920
3,2,920
3,2,920
3,2,920
3,2,920
3,2,920
3,2,920
3,2,920
3,2,920
3,2,921
3,2,921
3,2,921
3,2,921
3,2,921
3,2,921
3,2,921
3,2,921
3,2,921
3,2,921
3,2,921
3,2,921
3,2,921
3,2,921
3,2,921
3,2,921
3,2,921
3,2,921
3,2,921
3,2,921
3,2,921
3,2,921
3,2,921
3,2,921
3,2,921
3,2,921
3,2,921
3,2,921
3,2,921
3,2,921
3,2,921
3,2,921
3,2,921
3,2,921
3,2,921
3,2,922
3,2,922
3,2,922
3,2,922
3,2,922
3,2,922
3,2,923
3,2,923
3,2,923
3,2,923
3,2,924
3,2,924
3,2,924
3,2,924
3,2,924
3,2,924
3,2,925
3,2,925
3,2,925
3,2,925
3,2,925
3,2,925
3,2,925
3,2,925
3,2,925
3,2,925
3,2,925
3,2,925
3,2,926
3,2,926
3,2,926
3,2,926
3,2,926
3,2,926
3,2,926
3,2,926
3,2,926
3,2,926
3,2,926
3,2,926
3,2,926
3,2,926
3,2,926
3,2,926
3,2,926
3,2,926
3,2,926
3,2,926
3,2,926
3,2,926
3,2,926
3,2,926
3,2,926
3,2,926
3,2,926
3,2,926
3,2,926
3,2,926
3,2,926
3,2,926
3,2,926
3,2,926
3,2,926
3,2,926
3,2,926
3,2,926
3,2,926
3,2,926
3,2,926
3,2,926
3,2,926
3,2,926
3,2,926
3,2,926
3,2,926
3,2,926
3,2,926
3,2,926
3,2,926
3,2,926
3,2,926
3,2,926
3,2,926
3,2,926
3,2,926
3,2,926
3,2,926
3,2,926
3,2,926
3,2,926
3,2,926
3,2,926
3,2,926
3,2,926
3,2,926
3,2,926
3,2,926
3,2,926
3,2,926
3,2,926
3,2,926
3,2,926
3,2,926
3,2,926
3,2,926
3,2,926
3,2,926
3,2,926
3,2,926
3,2,926
3,2,926
3,2,926
3,2,926
3,2,926
3,2,926
3,2,926
3,2,926
3,2,926
3,2,926
3,2,926
3,2,926
3,2,926
3,2,926
3,2,926
3,2,926
3,2,927
3,2,927
3,2,927
3,2,927
3,2,927
3,2,927
3,2,927
3,2,927
3,2,928
3,2,928
3,2,928
3,2,928
3,2,928
3,2,928
3,2,928
3,2,928
3,2,928
3,2,928
3,2,928
3,2,928
3,2,928
3,2,928
3,2,928
3,2,928
3,2,928
3,2,928
3,2,928
3,2,928
3,2,928
3,2,928
3,2,928
3,2,928
3,2,928
3,2,928
3,2,928
3,2,928
3,2,928
3,2,928
3,2,928
3,2,928
3,2,928
3,2,928
3,2,928
3,2,929
3,2,929
3,2,929
3,2,929
3,2,929
3,2,930
3,2,930
3,2,930
3,2,930
3,2,930
3,2,930
3,2,930
3,2,930
3,2,930
3,2,930
3,2,930
3,2,930
3,2,930
3,2,930
3,2,930
3,2,930
3,2,930
3,2,930
3,2,930
3,2,930
3,2,930
3,2,930
3,2,930
3,2,930
3,2,930
3,2,931
3,2,931
3,2,931
3,2,931
3,2,932
3,2,932
3,2,932
3,2,932
3,2,932
3,2,932
3,2,932
3,2,932
3,2,932
3,2,932
3,2,932
3,2,932
3,2,932
3,2,932
3,2,932
3,2,932
3,2,932
3,2,932
3,2,932
3,2,932
3,2,932
3,2,932
3,2,932
3,2,932
3,2,932
3,2,932
3,2,932
3,2,932
3,2,933
3,2,933
3,2,934
3,2,934
3,2,935
3,2,935
3,2,935
3,2,935
3,2,935
3,2,935
3,2,935
3,2,935
3,2,935
3,2,935
3,2,935
3,2,935
3,2,935
3,2,935
3,2,935
3,2,935
3,2,935
3,2,935
3,2,935
3,2,935
3,2,935
3,2,935
3,2,935
3,2,935
3,2,935
3,2,935
3,2,935
3,2,935
3,2,935
3,2,935
3,2,935
3,2,935
3,2,935
3,2,935
3,2,935
3,2,935
3,2,935
3,2,935
3,2,935
3,2,935
3,2,935
3,2,935
3,2,935
3,2,935
3,2,935
3,2,935
3,2,935
3,2,936
3,2,936
3,2,936
3,2,936
3,2,936
3,2,936
3,2,936
3,2,936
3,2,936
3,2,936
3,2,936
3,2,936
3,2,936
3,2,936
3,2,936
3,2,936
3,2,936
3,2,936
3,2,936
3,2,936
3,2,936
3,2,937
3,2,937
3,2,937
3,2,937
3,2,938
3,2,938
3,2,938
3,2,938
3,2,938
3,2,938
3,2,938
3,2,938
3,2,938
3,2,938
3,2,938
3,2,938
3,2,938
3,2,938
3,2,938
3,2,938
3,2,938
3,2,938
3,2,938
3,2,938
3,2,938
3,2,938
3,2,938
3,2,938
3,2,939
3,2,939
3,2,939
3,2,939
3,2,939
3,2,939
3,2,939
3,2,939
3,2,939
3,2,939
3,2,939
3,2,939
3,2,939
3,2,939
3,2,939
3,2,939
3,2,939
3,2,940
3,2,940
3,2,940
3,2,940
3,2,940
3,2,940
3,2,940
3,2,940
3,2,940
3,2,940
3,2,940
3,2,940
3,2,940
3,2,940
3,2,940
3,2,940
3,2,940
3,2,940
3,2,940
3,2,940
3,2,940
3,2,940
3,2,940
3,2,940
3,2,940
3,2,940
3,2,940
3,2,940
3,2,940
3,2,940
3,2,940
3,2,940
3,2,940
3,2,940
3,2,940
3,2,940
3,2,940
3,2,940
3,2,940
3,2,940
3,2,940
3,2,940
3,2,940
3,2,940
3,2,940
3,2,940
3,2,940
3,2,940
3,2,940
3,2,940
3,2,940
3,2,940
3,2,940
3,2,941
3,2,942
3,2,943
3,2,943
3,2,943
3,2,943
3,2,943
3,2,943
3,2,943
3,2,943
3,2,943
3,2,944
3,2,944
3,2,944
3,2,944
3,2,945
3,2,945
3,2,945
3,2,945
3,2,945
3,2,945
3,2,945
3,2,945
3,2,945
3,2,945
3,2,945
3,2,945
3,2,945
3,2,945
3,2,945
3,2,946
3,2,946
3,2,946
3,2,946
3,2,946
3,2,946
3,2,946
3,2,946
3,2,946
3,2,946
3,2,946
3,2,946
3,2,946
3,2,947
3,2,947
3,2,947
3,2,947
3,2,947
3,2,947
3,2,947
3,2,947
3,2,947
3,2,947
3,2,947
3,2,947
3,2,947
3,2,947
3,2,947
3,2,947
3,2,947
3,2,947
3,2,947
3,2,947
3,2,947
3,2,947
3,2,947
3,2,947
3,2,947
3,2,947
3,2,947
3,2,947
3,2,947
3,2,947
3,2,947
3,2,948
3,2,948
3,2,948
3,2,948
3,2,948
3,2,948
3,2,948
3,2,948
3,2,948
3,2,948
3,2,948
3,2,948
3,2,948
3,2,948
3,2,948
3,2,948
3,2,948
3,2,948
3,2,948
3,2,948
3,2,948
3,2,949
3,2,949
3,2,949
3,2,949
3,2,949
3,2,949
3,2,949
3,2,949
3,2,949
3,2,949
3,2,950
3,2,950
3,2,950
3,2,950
3,2,950
3,2,950
3,2,950
3,2,950
3,2,950
3,2,950
3,2,950
3,2,950
3,2,950
3,2,950
3,2,950
3,2,950
3,2,950
3,2,950
3,2,950
3,2,950
3,2,950
3,2,950
3,2,950
3,2,950
3,2,950
3,2,950
3,2,950
3,2,950
3,2,950
3,2,950
3,2,950
3,2,950
3,2,950
3,2,950
3,2,950
3,2,950
3,2,950
3,2,950
3,2,950
3,2,950
3,2,950
3,2,950
3,2,950
3,2,950
3,2,950
3,2,950
3,2,950
3,2,950
3,2,950
3,2,950
3,2,950
3,2,950
3,2,950
3,2,950
3,2,950
3,2,950
3,2,950
3,2,950
3,2,950
3,2,950
3,2,950
3,2,950
3,2,950
3,2,950
3,2,950
3,2,950
3,2,950
3,2,950
3,2,950
3,2,950
3,2,950
3,2,950
3,2,950
3,2,950
3,2,950
3,2,950
3,2,950
3,2,950
3,2,950
3,2,950
3,2,950
3,2,950
3,2,950
3,2,950
3,2,950
3,2,950
3,2,950
3,2,950
3,2,950
3,2,950
3,2,950
3,2,950
3,2,950
3,2,950
3,2,950
3,2,950
3,2,950
3,2,950
3,2,950
3,2,950
3,2,950
3,2,950
3,2,950
3,2,950
3,2,950
3,2,950
3,2,950
3,2,950
3,2,950
3,2,950
3,2,950
3,2,950
3,2,950
3,2,950
3,2,950
3,2,950
3,2,950
3,2,950
3,2,950
3,2,950
3,2,950
3,2,950
3,2,950
3,2,950
3,2,950
3,2,950
3,2,950
3,2,950
3,2,950
3,2,950
3,2,950
3,2,950
3,2,950
3,2,950
3,2,950
3,2,950
3,2,950
3,2,950
3,2,950
3,2,950
3,2,950
3,2,950
3,2,950
3,2,950
3,2,950
3,2,950
3,2,950
3,2,950
3,2,950
3,2,950
3,2,950
3,2,950
3,2,950
3,2,950
3,2,950
3,2,950
3,2,950
3,2,950
3,2,950
3,2,950
3,2,950
3,2,950
3,2,950
3,2,950
3,2,950
3,2,950
3,2,950
3,2,950
3,2,950
3,2,950
3,2,950
3,2,950
3,2,950
3,2,950
3,2,950
3,2,950
3,2,950
3,2,950
3,2,950
3,2,950
3,2,950
3,2,950
3,2,950
3,2,950
3,2,950
3,2,950
3,2,950
3,2,950
3,2,950
3,2,950
3,2,950
3,2,950
3,2,950
3,2,950
3,2,950
3,2,950
3,2,950
3,2,950
3,2,950
3,2,950
3,2,950
3,2,950
3,2,950
3,2,950
3,2,950
3,2,950
3,2,950
3,2,950
3,2,950
3,2,950
3,2,950
3,2,950
3,2,950
3,2,950
3,2,950
3,2,950
3,2,950
3,2,950
3,2,950
3,2,950
3,2,950
3,2,950
3,2,950
3,2,950
3,2,950
3,2,950
3,2,950
3,2,950
3,2,950
3,2,950
3,2,950
3,2,950
3,2,950
3,2,950
3,2,950
3,2,950
3,2,950
3,2,950
3,2,950
3,2,950
3,2,950
3,2,950
3,2,950
3,2,950
3,2,950
3,2,950
3,2,950
3,2,950
3,2,950
3,2,950
3,2,950
3,2,950
3,2,950
3,2,950
3,2,950
3,2,950
3,2,950
3,2,950
3,2,950
3,2,950
3,2,950
3,2,950
3,2,950
3,2,950
3,2,950
3,2,950
3,2,950
3,2,950
3,2,950
3,2,950
3,2,950
3,2,950
3,2,950
3,2,950
3,2,950
3,2,950
3,2,950
3,2,950
3,2,950
3,2,950
3,2,950
3,2,950
3,2,950
3,2,950
3,2,950
3,2,950
3,2,950
3,2,950
3,2,950
3,2,950
3,2,950
3,2,950
3,2,950
3,2,950
3,2,950
3,2,950
3,2,950
3,2,950
3,2,950
3,2,950
3,2,950
3,2,950
3,2,950
3,2,950
3,2,950
3,2,950
3,2,950
3,2,950
3,2,950
3,2,950
3,2,950
3,2,950
3,2,950
3,2,950
3,2,950
3,2,950
3,2,950
3,2,950
3,2,950
3,2,950
3,2,950
3,2,950
3,2,950
3,2,950
3,2,950
3,2,950
3,2,950
3,2,950
3,2,950
3,2,950
3,2,950
3,2,950
3,2,950
3,2,950
3,2,950
3,2,950
3,2,950
3,2,950
3,2,950
3,2,950
3,2,950
3,2,950
3,2,950
3,2,950
3,2,950
3,2,950
3,2,950
3,2,950
3,2,950
3,2,950
3,2,950
3,2,950
3,2,950
3,2,950
3,2,950
3,2,950
3,2,951
3,2,951
3,2,951
3,2,951
3,2,951
3,2,951
3,2,951
3,2,951
3,2,953
3,2,953
3,2,953
3,2,953
3,2,953
3,2,953
3,2,953
3,2,953
3,2,953
3,2,953
3,2,953
3,2,953
3,2,953
3,2,953
3,2,953
3,2,953
3,2,954
3,2,954
3,2,954
3,2,954
3,2,954
3,2,955
3,2,955
3,2,955
3,2,955
3,2,955
3,2,955
3,2,955
3,2,955
3,2,955
3,2,955
3,2,955
3,2,955
3,2,955
3,2,955
3,2,955
3,2,955
3,2,955
3,2,955
3,2,955
3,2,955
3,2,955
3,2,955
3,2,955
3,2,955
3,2,956
3,2,956
3,2,956
3,2,956
3,2,956
3,2,956
3,2,956
3,2,956
3,2,956
3,2,956
3,2,956
3,2,956
3,2,956
3,2,956
3,2,956
3,2,956
3,2,956
3,2,956
3,2,956
3,2,956
3,2,956
3,2,956
3,2,956
3,2,956
3,2,956
3,2,956
3,2,956
3,2,956
3,2,957
3,2,957
3,2,957
3,2,957
3,2,957
3,2,957
3,2,957
3,2,957
3,2,957
3,2,957
3,2,957
3,2,957
3,2,957
3,2,958
3,2,958
3,2,958
3,2,958
3,2,958
3,2,958
3,2,958
3,2,958
3,2,958
3,2,958
3,2,958
3,2,958
3,2,958
3,2,958
3,2,958
3,2,958
3,2,958
3,2,958
3,2,958
3,2,958
3,2,958
3,2,958
3,2,958
3,2,958
3,2,958
3,2,958
3,2,958
3,2,958
3,2,958
3,2,958
3,2,958
3,2,958
3,2,958
3,2,958
3,2,958
3,2,958
3,2,958
3,2,958
3,2,958
3,2,958
3,2,958
3,2,958
3,2,958
3,2,958
3,2,958
3,2,960
3,2,960
3,2,960
3,2,960
3,2,960
3,2,960
3,2,960
3,2,960
3,2,960
3,2,960
3,2,960
3,2,960
3,2,960
3,2,960
3,2,960
3,2,960
3,2,960
3,2,960
3,2,960
3,2,960
3,2,960
3,2,960
3,2,960
3,2,960
3,2,960
3,2,960
3,2,960
3,2,960
3,2,960
3,2,960
3,2,960
3,2,960
3,2,960
3,2,960
3,2,960
3,2,960
3,2,960
3,2,960
3,2,960
3,2,960
3,2,960
3,2,960
3,2,960
3,2,960
3,2,960
3,2,960
3,2,960
3,2,960
3,2,960
3,2,960
3,2,960
3,2,960
3,2,960
3,2,960
3,2,960
3,2,960
3,2,960
3,2,960
3,2,960
3,2,960
3,2,960
3,2,960
3,2,960
3,2,960
3,2,960
3,2,960
3,2,960
3,2,960
3,2,960
3,2,960
3,2,960
3,2,960
3,2,960
3,2,961
3,2,962
3,2,962
3,2,962
3,2,962
3,2,962
3,2,962
3,2,962
3,2,962
3,2,962
3,2,962
3,2,962
3,2,962
3,2,962
3,2,962
3,2,962
3,2,962
3,2,962
3,2,962
3,2,962
3,2,962
3,2,962
3,2,962
3,2,962
3,2,962
3,2,962
3,2,962
3,2,962
3,2,963
3,2,964
3,2,964
3,2,964
3,2,964
3,2,964
3,2,965
3,2,965
3,2,965
3,2,965
3,2,965
3,2,966
3,2,966
3,2,966
3,2,966
3,2,966
3,2,967
3,2,967
3,2,967
3,2,967
3,2,967
3,2,967
3,2,967
3,2,967
3,2,967
3,2,968
3,2,968
3,2,968
3,2,968
3,2,968
3,2,968
3,2,968
3,2,968
3,2,968
3,2,968
3,2,968
3,2,969
3,2,969
3,2,969
3,2,969
3,2,969
3,2,969
3,2,969
3,2,969
3,2,969
3,2,969
3,2,969
3,2,969
3,2,969
3,2,969
3,2,969
3,2,969
3,2,969
3,2,969
3,2,969
3,2,969
3,2,969
3,2,970
3,2,970
3,2,970
3,2,970
3,2,970
3,2,970
3,2,970
3,2,970
3,2,970
3,2,970
3,2,970
3,2,970
3,2,970
3,2,970
3,2,970
3,2,970
3,2,970
3,2,970
3,2,970
3,2,970
3,2,970
3,2,970
3,2,970
3,2,970
3,2,970
3,2,970
3,2,970
3,2,970
3,2,970
3,2,971
3,2,971
3,2,971
3,2,972
3,2,972
3,2,973
3,2,973
3,2,973
3,2,974
3,2,974
3,2,974
3,2,975
3,2,975
3,2,975
3,2,975
3,2,975
3,2,975
3,2,975
3,2,975
3,2,975
3,2,975
3,2,975
3,2,975
3,2,975
3,2,975
3,2,975
3,2,975
3,2,975
3,2,975
3,2,975
3,2,975
3,2,975
3,2,975
3,2,975
3,2,975
3,2,975
3,2,976
3,2,976
3,2,977
3,2,977
3,2,977
3,2,977
3,2,977
3,2,977
3,2,977
3,2,977
3,2,978
3,2,978
3,2,978
3,2,978
3,2,978
3,2,978
3,2,978
3,2,978
3,2,978
3,2,978
3,2,978
3,2,978
3,2,978
3,2,978
3,2,978
3,2,978
3,2,978
3,2,978
3,2,978
3,2,978
3,2,978
3,2,978
3,2,978
3,2,979
3,2,979
3,2,979
3,2,980
3,2,980
3,2,980
3,2,980
3,2,980
3,2,980
3,2,980
3,2,980
3,2,980
3,2,980
3,2,980
3,2,980
3,2,980
3,2,980
3,2,980
3,2,980
3,2,980
3,2,980
3,2,980
3,2,980
3,2,980
3,2,980
3,2,980
3,2,980
3,2,980
3,2,980
3,2,980
3,2,980
3,2,980
3,2,980
3,2,980
3,2,980
3,2,980
3,2,980
3,2,980
3,2,980
3,2,980
3,2,980
3,2,980
3,2,980
3,2,980
3,2,980
3,2,980
3,2,980
3,2,980
3,2,980
3,2,980
3,2,980
3,2,980
3,2,980
3,2,980
3,2,980
3,2,980
3,2,980
3,2,980
3,2,980
3,2,980
3,2,980
3,2,980
3,2,980
3,2,980
3,2,980
3,2,980
3,2,980
3,2,980
3,2,980
3,2,980
3,2,980
3,2,980
3,2,981
3,2,981
3,2,982
3,2,982
3,2,982
3,2,982
3,2,982
3,2,982
3,2,982
3,2,982
3,2,982
3,2,983
3,2,983
3,2,984
3,2,984
3,2,984
3,2,984
3,2,985
3,2,985
3,2,985
3,2,985
3,2,985
3,2,985
3,2,985
3,2,985
3,2,985
3,2,985
3,2,985
3,2,985
3,2,985
3,2,985
3,2,985
3,2,985
3,2,985
3,2,985
3,2,985
3,2,985
3,2,985
3,2,985
3,2,985
3,2,985
3,2,985
3,2,985
3,2,985
3,2,985
3,2,985
3,2,985
3,2,985
3,2,985
3,2,985
3,2,985
3,2,985
3,2,985
3,2,985
3,2,985
3,2,985
3,2,985
3,2,985
3,2,985
3,2,985
3,2,985
3,2,985
3,2,985
3,2,985
3,2,985
3,2,985
3,2,985
3,2,985
3,2,986
3,2,986
3,2,986
3,2,986
3,2,986
3,2,986
3,2,986
3,2,986
3,2,986
3,2,986
3,2,986
3,2,986
3,2,986
3,2,986
3,2,986
3,2,986
3,2,986
3,2,986
3,2,986
3,2,987
3,2,987
3,2,987
3,2,987
3,2,988
3,2,988
3,2,988
3,2,988
3,2,988
3,2,989
3,2,989
3,2,989
3,2,989
3,2,989
3,2,990
3,2,990
3,2,990
3,2,990
3,2,990
3,2,990
3,2,990
3,2,990
3,2,990
3,2,990
3,2,990
3,2,990
3,2,990
3,2,990
3,2,990
3,2,990
3,2,990
3,2,990
3,2,990
3,2,990
3,2,990
3,2,990
3,2,990
3,2,990
3,2,990
3,2,990
3,2,990
3,2,990
3,2,990
3,2,990
3,2,990
3,2,990
3,2,990
3,2,990
3,2,990
3,2,990
3,2,990
3,2,990
3,2,990
3,2,990
3,2,990
3,2,990
3,2,990
3,2,990
3,2,990
3,2,990
3,2,990
3,2,990
3,2,990
3,2,990
3,2,991
3,2,991
3,2,991
3,2,991
3,2,991
3,2,991
3,2,991
3,2,991
3,2,991
3,2,991
3,2,991
3,2,991
3,2,991
3,2,991
3,2,992
3,2,992
3,2,993
3,2,995
3,2,995
3,2,995
3,2,995
3,2,995
3,2,995
3,2,995
3,2,995
3,2,995
3,2,995
3,2,995
3,2,995
3,2,996
3,2,996
3,2,996
3,2,996
3,2,996
3,2,996
3,2,996
3,2,996
3,2,996
3,2,996
3,2,996
3,2,996
3,2,996
3,2,996
3,2,996
3,2,996
3,2,997
3,2,997
3,2,997
3,2,997
3,2,998
3,2,998
3,2,998
3,2,998
3,2,998
3,2,998
3,2,999
3,2,999
3,2,999
3,2,1000
3,2,1000
3,2,1000
3,2,1000
3,2,1000
3,2,1000
3,2,1000
3,2,1000
3,2,1000
3,2,1000
3,2,1000
3,2,1000
3,2,1000
3,2,1000
3,2,1000
3,2,1000
3,2,1000
3,2,1000
3,2,1000
3,2,1000
3,2,1000
3,2,1000
3,2,1000
3,2,1000
3,2,1000
3,2,1000
3,2,1000
3,2,1000
3,2,1000
3,2,1000
3,2,1000
3,2,1000
3,2,1000
3,2,1000
3,2,1000
3,2,1000
3,2,1000
3,2,1000
3,2,1000
3,2,1000
3,2,1000
3,2,1000
3,2,1000
3,2,1000
3,2,1000
3,2,1000
3,2,1000
3,2,1000
3,2,1000
3,2,1000
3,2,1000
3,2,1000
3,2,1000
3,2,1000
3,2,1000
3,2,1000
3,2,1000
3,2,1000
3,2,1000
3,2,1000
3,2,1000
3,2,1000
3,2,1000
3,2,1000
3,2,1000
3,2,1000
3,2,1000
3,2,1000
3,2,1000
3,2,1000
3,2,1000
3,2,1000
3,2,1000
3,2,1000
3,2,1000
3,2,1000
3,2,1000
3,2,1000
3,2,1000
3,2,1000
3,2,1000
3,2,1000
3,2,1000
3,2,1000
3,2,1000
3,2,1000
3,2,1000
3,2,1000
3,2,1000
3,2,1000
3,2,1000
3,2,1000
3,2,1000
3,2,1000
3,2,1000
3,2,1000
3,2,1000
3,2,1000
3,2,1000
3,2,1000
3,2,1000
3,2,1000
3,2,1000
3,2,1000
3,2,1000
3,2,1000
3,2,1000
3,2,1000
3,2,1000
3,2,1000
3,2,1000
3,2,1000
3,2,1000
3,2,1000
3,2,1000
3,2,1000
3,2,1000
3,2,1000
3,2,1000
3,2,1000
3,2,1000
3,2,1000
3,2,1000
3,2,1000
3,2,1000
3,2,1000
3,2,1000
3,2,1000
3,2,1000
3,2,1000
3,2,1000
3,2,1000
3,2,1000
3,2,1000
3,2,1000
3,2,1000
3,2,1000
3,2,1000
3,2,1000
3,2,1000
3,2,1000
3,2,1000
3,2,1000
3,2,1000
3,2,1000
3,2,1000
3,2,1000
3,2,1000
3,2,1000
3,2,1000
3,2,1000
3,2,1000
3,2,1000
3,2,1000
3,2,1000
3,2,1000
3,2,1000
3,2,1000
3,2,1000
3,2,1000
3,2,1000
3,2,1000
3,2,1000
3,2,1000
3,2,1000
3,2,1000
3,2,1000
3,2,1000
3,2,1000
3,2,1000
3,2,1000
3,2,1000
3,2,1000
3,2,1000
3,2,1000
3,2,1000
3,2,1000
3,2,1000
3,2,1000
3,2,1000
3,2,1000
3,2,1000
3,2,1000
3,2,1000
3,2,1000
3,2,1000
3,2,1000
3,2,1000
3,2,1000
3,2,1000
3,2,1000
3,2,1000
3,2,1000
3,2,1000
3,2,1000
3,2,1000
3,2,1000
3,2,1000
3,2,1000
3,2,1000
3,2,1000
3,2,1000
3,2,1000
3,2,1000
3,2,1000
3,2,1000
3,2,1000
3,2,1000
3,2,1000
3,2,1000
3,2,1000
3,2,1000
3,2,1000
3,2,1000
3,2,1000
3,2,1000
3,2,1000
3,2,1000
3,2,1000
3,2,1000
3,2,1000
3,2,1000
3,2,1000
3,2,1000
3,2,1000
3,2,1000
3,2,1000
3,2,1000
3,2,1000
3,2,1000
3,2,1000
3,2,1000
3,2,1000
3,2,1000
3,2,1000
3,2,1000
3,2,1000
3,2,1000
3,2,1000
3,2,1000
3,2,1000
3,2,1000
3,2,1000
3,2,1000
3,2,1000
3,2,1000
3,2,1000
3,2,1000
3,2,1000
3,2,1000
3,2,1000
3,2,1000
3,2,1000
3,2,1000
3,2,1000
3,2,1000
3,2,1000
3,2,1000
3,2,1000
3,2,1000
3,2,1000
3,2,1000
3,2,1000
3,2,1000
3,2,1000
3,2,1000
3,2,1000
3,2,1000
3,2,1000
3,2,1000
3,2,1000
3,2,1000
3,2,1000
3,2,1000
3,2,1000
3,2,1000
3,2,1000
3,2,1000
3,2,1000
3,2,1000
3,2,1000
3,2,1000
3,2,1000
3,2,1000
3,2,1000
3,2,1000
3,2,1000
3,2,1000
3,2,1000
3,2,1000
3,2,1000
3,2,1000
3,2,1000
3,2,1000
3,2,1000
3,2,1000
3,2,1000
3,2,1000
3,2,1000
3,2,1000
3,2,1000
3,2,1000
3,2,1000
3,2,1000
3,2,1000
3,2,1000
3,2,1000
3,2,1000
3,2,1000
3,2,1000
3,2,1000
3,2,1000
3,2,1000
3,2,1000
3,2,1000
3,2,1000
3,2,1000
3,2,1000
3,2,1000
3,2,1000
3,2,1000
3,2,1000
3,2,1000
3,2,1000
3,2,1000
3,2,1000
3,2,1000
3,2,1000
3,2,1000
3,2,1000
3,2,1000
3,2,1000
3,2,1000
3,2,1000
3,2,1000
3,2,1000
3,2,1000
3,2,1000
3,2,1000
3,2,1000
3,2,1000
3,2,1000
3,2,1000
3,2,1000
3,2,1000
3,2,1000
3,2,1000
3,2,1000
3,2,1000
3,2,1000
3,2,1000
3,2,1000
3,2,1000
3,2,1000
3,2,1000
3,2,1000
3,2,1000
3,2,1000
3,2,1000
3,2,1000
3,2,1000
3,2,1000
3,2,1000
3,2,1000
3,2,1000
3,2,1000
3,2,1000
3,2,1000
3,2,1000
3,2,1000
3,2,1000
3,2,1000
3,2,1000
3,2,1000
3,2,1000
3,2,1000
3,2,1000
3,2,1000
3,2,1000
3,2,1000
3,2,1000
3,2,1000
3,2,1000
3,2,1000
3,2,1000
3,2,1000
3,2,1000
3,2,1000
3,2,1000
3,2,1000
3,2,1000
3,2,1000
3,2,1000
3,2,1000
3,2,1000
3,2,1000
3,2,1000
3,2,1000
3,2,1000
3,2,1000
3,2,1000
3,2,1000
3,2,1000
3,2,1000
3,2,1000
3,2,1000
3,2,1000
3,2,1000
3,2,1000
3,2,1000
3,2,1000
3,2,1000
3,2,1000
3,2,1000
3,2,1000
3,2,1000
3,2,1000
3,2,1000
3,2,1000
3,2,1000
3,2,1000
3,2,1000
3,2,1000
3,2,1000
3,2,1000
3,2,1000
3,2,1000
3,2,1000
3,2,1000
3,2,1000
3,2,1000
3,2,1000
3,2,1000
3,2,1000
3,2,1000
3,2,1000
3,2,1000
3,2,1000
3,2,1000
3,2,1000
3,2,1000
3,2,1000
3,2,1000
3,2,1000
3,2,1000
3,2,1000
3,2,1000
3,2,1000
3,2,1000
3,2,1000
3,2,1000
3,2,1000
3,2,1000
3,2,1000
3,2,1000
3,2,1000
3,2,1000
3,2,1000
3,2,1000
3,2,1000
3,2,1000
3,2,1000
3,2,1000
3,2,1000
3,2,1000
3,2,1000
3,2,1000
3,2,1000
3,2,1000
3,2,1000
3,2,1000
3,2,1000
3,2,1000
3,2,1000
3,2,1000
3,2,1000
3,2,1000
3,2,1000
3,2,1000
3,2,1000
3,2,1000
3,2,1000
3,2,1000
3,2,1000
3,2,1000
3,2,1000
3,2,1000
3,2,1000
3,2,1000
3,2,1000
3,2,1000
3,2,1000
3,2,1000
3,2,1000
3,2,1000
3,2,1000
3,2,1000
3,2,1000
3,2,1000
3,2,1000
3,2,1000
3,2,1000
3,2,1000
3,2,1000
3,2,1000
3,2,1000
3,2,1000
3,2,1000
3,2,1000
3,2,1000
3,2,1000
3,2,1000
3,2,1000
3,2,1000
3,2,1000
3,2,1000
3,2,1000
3,2,1000
3,2,1000
3,2,1000
3,2,1000
3,2,1000
3,2,1000
3,2,1000
3,2,1000
3,2,1000
3,2,1000
3,2,1000
3,2,1000
3,2,1000
3,2,1000
3,2,1000
3,2,1000
3,2,1000
3,2,1000
3,2,1000
3,2,1000
3,2,1000
3,2,1000
3,2,1000
3,2,1000
3,2,1000
3,2,1000
3,2,1000
3,2,1000
3,2,1000
3,2,1000
3,2,1000
3,2,1000
3,2,1000
3,2,1000
3,2,1000
3,2,1000
3,2,1000
3,2,1000
3,2,1000
3,2,1000
3,2,1000
3,2,1000
3,2,1000
3,2,1000
3,2,1000
3,2,1000
3,2,1000
3,2,1000
3,2,1001
3,2,1001
3,2,1001
3,2,1001
3,2,1001
3,2,1001
3,2,1001
3,2,1001
3,2,1001
3,2,1001
3,2,1001
3,2,1001
3,2,1001
3,2,1001
3,2,1001
3,2,1001
3,2,1001
3,2,1001
3,2,1001
3,2,1001
3,2,1001
3,2,1001
3,2,1001
3,2,1001
3,2,1001
3,2,1001
3,2,1001
3,2,1001
3,2,1002
3,2,1002
3,2,1002
3,2,1002
3,2,1002
3,2,1002
3,2,1002
3,2,1002
3,2,1002
3,2,1002
3,2,1002
3,2,1002
3,2,1003
3,2,1003
3,2,1003
3,2,1003
3,2,1003
3,2,1003
3,2,1003
3,2,1003
3,2,1003
3,2,1003
3,2,1003
3,2,1003
3,2,1003
3,2,1003
3,2,1003
3,2,1003
3,2,1003
3,2,1003
3,2,1003
3,2,1003
3,2,1003
3,2,1003
3,2,1003
3,2,1003
3,2,1003
3,2,1003
3,2,1003
3,2,1003
3,2,1003
3,2,1003
3,2,1003
3,2,1003
3,2,1003
3,2,1003
3,2,1003
3,2,1003
3,2,1003
3,2,1004
3,2,1004
3,2,1004
3,2,1004
3,2,1004
3,2,1004
3,2,1004
3,2,1004
3,2,1004
3,2,1004
3,2,1004
3,2,1004
3,2,1004
3,2,1004
3,2,1004
3,2,1004
3,2,1004
3,2,1004
3,2,1004
3,2,1005
3,2,1005
3,2,1005
3,2,1005
3,2,1005
3,2,1005
3,2,1005
3,2,1005
3,2,1005
3,2,1005
3,2,1005
3,2,1005
3,2,1006
3,2,1006
3,2,1006
3,2,1006
3,2,1006
3,2,1006
3,2,1006
3,2,1006
3,2,1006
3,2,1006
3,2,1007
3,2,1007
3,2,1007
3,2,1007
3,2,1007
3,2,1007
3,2,1007
3,2,1007
3,2,1007
3,2,1007
3,2,1007
3,2,1007
3,2,1008
3,2,1008
3,2,1008
3,2,1008
3,2,1008
3,2,1008
3,2,1008
3,2,1008
3,2,1008
3,2,1008
3,2,1008
3,2,1008
3,2,1008
3,2,1008
3,2,1008
3,2,1008
3,2,1008
3,2,1008
3,2,1008
3,2,1008
3,2,1008
3,2,1008
3,2,1008
3,2,1008
3,2,1008
3,2,1008
3,2,1008
3,2,1008
3,2,1008
3,2,1008
3,2,1008
3,2,1008
3,2,1008
3,2,1009
3,2,1009
3,2,1009
3,2,1009
3,2,1009
3,2,1009
3,2,1009
3,2,1009
3,2,1009
3,2,1009
3,2,1009
3,2,1009
3,2,1009
3,2,1009
3,2,1009
3,2,1009
3,2,1009
3,2,1009
3,2,1009
3,2,1009
3,2,1009
3,2,1009
3,2,1009
3,2,1009
3,2,1009
3,2,1009
3,2,1009
3,2,1009
3,2,1009
3,2,1009
3,2,1009
3,2,1009
3,2,1009
3,2,1009
3,2,1009
3,2,1010
3,2,1010
3,2,1010
3,2,1010
3,2,1010
3,2,1010
3,2,1010
3,2,1010
3,2,1010
3,2,1010
3,2,1010
3,2,1010
3,2,1010
3,2,1010
3,2,1010
3,2,1010
3,2,1010
3,2,1010
3,2,1010
3,2,1010
3,2,1010
3,2,1010
3,2,1010
3,2,1010
3,2,1010
3,2,1010
3,2,1010
3,2,1010
3,2,1010
3,2,1010
3,2,1010
3,2,1010
3,2,1010
3,2,1010
3,2,1010
3,2,1010
3,2,1010
3,2,1010
3,2,1010
3,2,1010
3,2,1010
3,2,1010
3,2,1010
3,2,1010
3,2,1010
3,2,1010
3,2,1010
3,2,1010
3,2,1010
3,2,1010
3,2,1010
3,2,1010
3,2,1010
3,2,1010
3,2,1010
3,2,1010
3,2,1010
3,2,1010
3,2,1010
3,2,1010
3,2,1010
3,2,1010
3,2,1010
3,2,1010
3,2,1010
3,2,1010
3,2,1010
3,2,1010
3,2,1010
3,2,1010
3,2,1010
3,2,1010
3,2,1010
3,2,1010
3,2,1010
3,2,1010
3,2,1010
3,2,1010
3,2,1010
3,2,1010
3,2,1010
3,2,1010
3,2,1010
3,2,1010
3,2,1010
3,2,1010
3,2,1010
3,2,1010
3,2,1010
3,2,1010
3,2,1010
3,2,1010
3,2,1010
3,2,1010
3,2,1010
3,2,1010
3,2,1010
3,2,1010
3,2,1010
3,2,1010
3,2,1010
3,2,1010
3,2,1010
3,2,1010
3,2,1010
3,2,1010
3,2,1011
3,2,1011
3,2,1011
3,2,1011
3,2,1011
3,2,1011
3,2,1011
3,2,1011
3,2,1011
3,2,1011
3,2,1011
3,2,1011
3,2,1011
3,2,1011
3,2,1011
3,2,1012
3,2,1012
3,2,1012
3,2,1012
3,2,1012
3,2,1012
3,2,1012
3,2,1012
3,2,1012
3,2,1012
3,2,1012
3,2,1012
3,2,1012
3,2,1012
3,2,1012
3,2,1012
3,2,1012
3,2,1012
3,2,1012
3,2,1012
3,2,1012
3,2,1012
3,2,1012
3,2,1012
3,2,1012
3,2,1012
3,2,1012
3,2,1012
3,2,1012
3,2,1012
3,2,1012
3,2,1012
3,2,1012
3,2,1012
3,2,1012
3,2,1012
3,2,1012
3,2,1012
3,2,1012
3,2,1012
3,2,1012
3,2,1012
3,2,1012
3,2,1012
3,2,1012
3,2,1012
3,2,1012
3,2,1012
3,2,1012
3,2,1013
3,2,1014
3,2,1014
3,2,1014
3,2,1014
3,2,1014
3,2,1014
3,2,1014
3,2,1014
3,2,1014
3,2,1014
3,2,1014
3,2,1015
3,2,1015
3,2,1015
3,2,1015
3,2,1015
3,2,1015
3,2,1015
3,2,1015
3,2,1015
3,2,1015
3,2,1015
3,2,1015
3,2,1015
3,2,1015
3,2,1015
3,2,1015
3,2,1015
3,2,1015
3,2,1015
3,2,1015
3,2,1015
3,2,1015
3,2,1015
3,2,1015
3,2,1015
3,2,1015
3,2,1015
3,2,1015
3,2,1015
3,2,1015
3,2,1015
3,2,1015
3,2,1015
3,2,1015
3,2,1015
3,2,1015
3,2,1015
3,2,1015
3,2,1015
3,2,1015
3,2,1015
3,2,1016
3,2,1016
3,2,1016
3,2,1016
3,2,1017
3,2,1017
3,2,1017
3,2,1017
3,2,1017
3,2,1017
3,2,1017
3,2,1017
3,2,1017
3,2,1017
3,2,1017
3,2,1017
3,2,1017
3,2,1017
3,2,1017
3,2,1017
3,2,1017
3,2,1017
3,2,1017
3,2,1017
3,2,1017
3,2,1017
3,2,1017
3,2,1018
3,2,1018
3,2,1018
3,2,1018
3,2,1018
3,2,1018
3,2,1018
3,2,1018
3,2,1018
3,2,1018
3,2,1018
3,2,1018
3,2,1018
3,2,1018
3,2,1018
3,2,1018
3,2,1018
3,2,1018
3,2,1018
3,2,1018
3,2,1018
3,2,1018
3,2,1018
3,2,1018
3,2,1018
3,2,1018
3,2,1018
3,2,1018
3,2,1019
3,2,1019
3,2,1019
3,2,1019
3,2,1019
3,2,1019
3,2,1020
3,2,1020
3,2,1020
3,2,1020
3,2,1020
3,2,1020
3,2,1020
3,2,1020
3,2,1020
3,2,1020
3,2,1020
3,2,1020
3,2,1020
3,2,1020
3,2,1020
3,2,1020
3,2,1020
3,2,1020
3,2,1020
3,2,1020
3,2,1020
3,2,1020
3,2,1020
3,2,1020
3,2,1020
3,2,1020
3,2,1020
3,2,1020
3,2,1020
3,2,1020
3,2,1020
3,2,1020
3,2,1020
3,2,1020
3,2,1020
3,2,1020
3,2,1020
3,2,1020
3,2,1021
3,2,1021
3,2,1021
3,2,1021
3,2,1021
3,2,1021
3,2,1021
3,2,1021
3,2,1021
3,2,1021
3,2,1021
3,2,1021
3,2,1021
3,2,1022
3,2,1022
3,2,1022
3,2,1022
3,2,1022
3,2,1022
3,2,1022
3,2,1022
3,2,1022
3,2,1022
3,2,1022
3,2,1022
3,2,1022
3,2,1022
3,2,1022
3,2,1022
3,2,1022
3,2,1022
3,2,1022
3,2,1022
3,2,1022
3,2,1022
3,2,1022
3,2,1022
3,2,1022
3,2,1023
3,2,1023
3,2,1023
3,2,1023
3,2,1023
3,2,1023
3,2,1023
3,2,1023
3,2,1023
3,2,1023
3,2,1023
3,2,1023
3,2,1023
3,2,1023
3,2,1023
3,2,1023
3,2,1023
3,2,1023
3,2,1023
3,2,1023
3,2,1023
3,2,1023
3,2,1023
3,2,1023
3,2,1023
3,2,1023
3,2,1023
3,2,1023
3,2,1023
3,2,1023
3,2,1023
3,2,1023
3,2,1023
3,2,1023
3,2,1023
3,2,1023
3,2,1023
3,2,1023
3,2,1023
3,2,1023
3,2,1023
3,2,1023
3,2,1023
3,2,1023
3,2,1023
3,2,1023
3,2,1023
3,2,1023
3,2,1023
3,2,1023
3,2,1023
3,2,1023
3,2,1023
3,2,1023
3,2,1023
3,2,1023
3,2,1023
3,2,1023
3,2,1023
3,2,1023
3,2,1023
3,2,1023
3,2,1023
3,2,1023
3,2,1023
3,2,1023
3,2,1023
3,2,1023
3,2,1023
3,2,1023
3,2,1023
3,2,1023
3,2,1023
3,2,1023
3,2,1023
3,2,1023
3,2,1023
3,2,1024
3,2,1024
3,2,1025
3,2,1025
3,2,1025
3,2,1025
3,2,1025
3,2,1025
3,2,1025
3,2,1025
3,2,1025
3,2,1025
3,2,1025
3,2,1025
3,2,1025
3,2,1025
3,2,1025
3,2,1025
3,2,1025
3,2,1025
3,2,1025
3,2,1025
3,2,1025
3,2,1025
3,2,1025
3,2,1025
3,2,1025
3,2,1025
3,2,1025
3,2,1025
3,2,1025
3,2,1025
3,2,1025
3,2,1025
3,2,1025
3,2,1025
3,2,1025
3,2,1025
3,2,1025
3,2,1025
3,2,1026
3,2,1026
3,2,1026
3,2,1027
3,2,1027
3,2,1027
3,2,1027
3,2,1027
3,2,1027
3,2,1027
3,2,1027
3,2,1027
3,2,1027
3,2,1027
3,2,1028
3,2,1028
3,2,1028
3,2,1028
3,2,1028
3,2,1028
3,2,1028
3,2,1028
3,2,1028
3,2,1028
3,2,1028
3,2,1029
3,2,1029
3,2,1030
3,2,1030
3,2,1030
3,2,1030
3,2,1030
3,2,1030
3,2,1030
3,2,1030
3,2,1030
3,2,1031
3,2,1031
3,2,1031
3,2,1031
3,2,1031
3,2,1031
3,2,1031
3,2,1032
3,2,1032
3,2,1032
3,2,1033
3,2,1033
3,2,1033
3,2,1033
3,2,1033
3,2,1033
3,2,1033
3,2,1033
3,2,1033
3,2,1033
3,2,1033
3,2,1033
3,2,1033
3,2,1034
3,2,1034
3,2,1034
3,2,1035
3,2,1035
3,2,1035
3,2,1035
3,2,1035
3,2,1035
3,2,1036
3,2,1037
3,2,1037
3,2,1037
3,2,1037
3,2,1037
3,2,1037
3,2,1037
3,2,1037
3,2,1037
3,2,1037
3,2,1037
3,2,1038
3,2,1038
3,2,1038
3,2,1038
3,2,1038
3,2,1039
3,2,1039
3,2,1039
3,2,1040
3,2,1040
3,2,1040
3,2,1040
3,2,1040
3,2,1040
3,2,1040
3,2,1040
3,2,1040
3,2,1040
3,2,1040
3,2,1040
3,2,1040
3,2,1040
3,2,1040
3,2,1040
3,2,1040
3,2,1040
3,2,1040
3,2,1040
3,2,1040
3,2,1040
3,2,1040
3,2,1040
3,2,1040
3,2,1040
3,2,1040
3,2,1040
3,2,1040
3,2,1040
3,2,1040
3,2,1041
3,2,1041
3,2,1041
3,2,1042
3,2,1042
3,2,1042
3,2,1042
3,2,1042
3,2,1042
3,2,1042
3,2,1043
3,2,1043
3,2,1043
3,2,1044
3,2,1044
3,2,1044
3,2,1044
3,2,1044
3,2,1044
3,2,1044
3,2,1044
3,2,1044
3,2,1044
3,2,1044
3,2,1044
3,2,1044
3,2,1044
3,2,1044
3,2,1044
3,2,1044
3,2,1044
3,2,1044
3,2,1044
3,2,1044
3,2,1044
3,2,1044
3,2,1044
3,2,1044
3,2,1044
3,2,1044
3,2,1044
3,2,1044
3,2,1044
3,2,1044
3,2,1044
3,2,1044
3,2,1045
3,2,1045
3,2,1045
3,2,1045
3,2,1045
3,2,1045
3,2,1045
3,2,1045
3,2,1045
3,2,1046
3,2,1046
3,2,1046
3,2,1046
3,2,1046
3,2,1047
3,2,1047
3,2,1047
3,2,1047
3,2,1047
3,2,1047
3,2,1047
3,2,1047
3,2,1048
3,2,1048
3,2,1048
3,2,1048
3,2,1048
3,2,1048
3,2,1048
3,2,1048
3,2,1048
3,2,1048
3,2,1048
3,2,1048
3,2,1048
3,2,1048
3,2,1048
3,2,1048
3,2,1048
3,2,1048
3,2,1048
3,2,1048
3,2,1048
3,2,1048
3,2,1048
3,2,1048
3,2,1048
3,2,1048
3,2,1048
3,2,1048
3,2,1048
3,2,1048
3,2,1049
3,2,1049
3,2,1049
3,2,1049
3,2,1049
3,2,1049
3,2,1049
3,2,1049
3,2,1049
3,2,1050
3,2,1050
3,2,1050
3,2,1050
3,2,1050
3,2,1050
3,2,1050
3,2,1050
3,2,1050
3,2,1050
3,2,1050
3,2,1050
3,2,1050
3,2,1050
3,2,1050
3,2,1050
3,2,1050
3,2,1050
3,2,1050
3,2,1050
3,2,1050
3,2,1050
3,2,1050
3,2,1050
3,2,1050
3,2,1050
3,2,1050
3,2,1050
3,2,1050
3,2,1050
3,2,1050
3,2,1050
3,2,1050
3,2,1050
3,2,1050
3,2,1050
3,2,1050
3,2,1050
3,2,1050
3,2,1050
3,2,1050
3,2,1050
3,2,1050
3,2,1050
3,2,1050
3,2,1050
3,2,1050
3,2,1050
3,2,1050
3,2,1050
3,2,1050
3,2,1050
3,2,1050
3,2,1050
3,2,1050
3,2,1050
3,2,1050
3,2,1050
3,2,1050
3,2,1050
3,2,1050
3,2,1050
3,2,1050
3,2,1050
3,2,1050
3,2,1050
3,2,1050
3,2,1050
3,2,1050
3,2,1050
3,2,1050
3,2,1050
3,2,1050
3,2,1050
3,2,1050
3,2,1050
3,2,1050
3,2,1050
3,2,1050
3,2,1050
3,2,1050
3,2,1050
3,2,1050
3,2,1050
3,2,1050
3,2,1050
3,2,1050
3,2,1050
3,2,1050
3,2,1050
3,2,1050
3,2,1050
3,2,1050
3,2,1050
3,2,1050
3,2,1050
3,2,1050
3,2,1050
3,2,1050
3,2,1050
3,2,1050
3,2,1050
3,2,1050
3,2,1050
3,2,1050
3,2,1050
3,2,1050
3,2,1050
3,2,1050
3,2,1050
3,2,1050
3,2,1050
3,2,1050
3,2,1050
3,2,1050
3,2,1050
3,2,1050
3,2,1050
3,2,1050
3,2,1050
3,2,1050
3,2,1050
3,2,1050
3,2,1050
3,2,1050
3,2,1050
3,2,1050
3,2,1050
3,2,1050
3,2,1050
3,2,1050
3,2,1050
3,2,1050
3,2,1050
3,2,1050
3,2,1050
3,2,1050
3,2,1050
3,2,1050
3,2,1050
3,2,1050
3,2,1050
3,2,1050
3,2,1050
3,2,1051
3,2,1051
3,2,1051
3,2,1051
3,2,1051
3,2,1051
3,2,1051
3,2,1051
3,2,1051
3,2,1051
3,2,1051
3,2,1051
3,2,1051
3,2,1052
3,2,1052
3,2,1052
3,2,1052
3,2,1052
3,2,1052
3,2,1052
3,2,1052
3,2,1052
3,2,1052
3,2,1052
3,2,1052
3,2,1052
3,2,1052
3,2,1053
3,2,1053
3,2,1053
3,2,1053
3,2,1053
3,2,1054
3,2,1054
3,2,1054
3,2,1055
3,2,1055
3,2,1055
3,2,1055
3,2,1055
3,2,1055
3,2,1055
3,2,1055
3,2,1055
3,2,1055
3,2,1055
3,2,1055
3,2,1055
3,2,1055
3,2,1055
3,2,1055
3,2,1055
3,2,1055
3,2,1055
3,2,1055
3,2,1055
3,2,1055
3,2,1055
3,2,1055
3,2,1055
3,2,1055
3,2,1055
3,2,1055
3,2,1055
3,2,1055
3,2,1056
3,2,1056
3,2,1056
3,2,1056
3,2,1056
3,2,1057
3,2,1057
3,2,1057
3,2,1058
3,2,1058
3,2,1059
3,2,1060
3,2,1060
3,2,1060
3,2,1060
3,2,1060
3,2,1060
3,2,1060
3,2,1060
3,2,1060
3,2,1060
3,2,1060
3,2,1060
3,2,1060
3,2,1060
3,2,1060
3,2,1060
3,2,1060
3,2,1060
3,2,1060
3,2,1060
3,2,1060
3,2,1060
3,2,1060
3,2,1060
3,2,1060
3,2,1060
3,2,1061
3,2,1061
3,2,1061
3,2,1061
3,2,1061
3,2,1061
3,2,1061
3,2,1061
3,2,1061
3,2,1061
3,2,1062
3,2,1062
3,2,1062
3,2,1062
3,2,1062
3,2,1062
3,2,1062
3,2,1062
3,2,1062
3,2,1062
3,2,1062
3,2,1063
3,2,1063
3,2,1063
3,2,1063
3,2,1063
3,2,1064
3,2,1064
3,2,1064
3,2,1065
3,2,1065
3,2,1065
3,2,1065
3,2,1065
3,2,1065
3,2,1065
3,2,1065
3,2,1065
3,2,1065
3,2,1065
3,2,1065
3,2,1065
3,2,1065
3,2,1065
3,2,1065
3,2,1065
3,2,1065
3,2,1065
3,2,1065
3,2,1065
3,2,1065
3,2,1065
3,2,1065
3,2,1065
3,2,1065
3,2,1065
3,2,1065
3,2,1065
3,2,1065
3,2,1065
3,2,1065
3,2,1065
3,2,1065
3,2,1065
3,2,1065
3,2,1065
3,2,1065
3,2,1065
3,2,1065
3,2,1065
3,2,1065
3,2,1065
3,2,1065
3,2,1065
3,2,1065
3,2,1065
3,2,1065
3,2,1065
3,2,1065
3,2,1065
3,2,1065
3,2,1065
3,2,1066
3,2,1066
3,2,1066
3,2,1066
3,2,1066
3,2,1066
3,2,1066
3,2,1066
3,2,1066
3,2,1066
3,2,1066
3,2,1066
3,2,1066
3,2,1066
3,2,1066
3,2,1066
3,2,1066
3,2,1066
3,2,1066
3,2,1066
3,2,1066
3,2,1066
3,2,1066
3,2,1066
3,2,1067
3,2,1067
3,2,1067
3,2,1067
3,2,1067
3,2,1068
3,2,1068
3,2,1068
3,2,1068
3,2,1068
3,2,1068
3,2,1068
3,2,1068
3,2,1068
3,2,1068
3,2,1068
3,2,1068
3,2,1068
3,2,1068
3,2,1068
3,2,1068
3,2,1068
3,2,1068
3,2,1068
3,2,1068
3,2,1068
3,2,1068
3,2,1068
3,2,1068
3,2,1068
3,2,1068
3,2,1068
3,2,1068
3,2,1068
3,2,1069
3,2,1069
3,2,1069
3,2,1070
3,2,1070
3,2,1070
3,2,1070
3,2,1070
3,2,1070
3,2,1070
3,2,1070
3,2,1070
3,2,1070
3,2,1070
3,2,1070
3,2,1070
3,2,1070
3,2,1070
3,2,1070
3,2,1070
3,2,1070
3,2,1070
3,2,1070
3,2,1070
3,2,1070
3,2,1070
3,2,1070
3,2,1070
3,2,1071
3,2,1071
3,2,1071
3,2,1072
3,2,1072
3,2,1072
3,2,1072
3,2,1072
3,2,1072
3,2,1072
3,2,1072
3,2,1072
3,2,1073
3,2,1073
3,2,1073
3,2,1073
3,2,1073
3,2,1074
3,2,1075
3,2,1075
3,2,1075
3,2,1075
3,2,1075
3,2,1075
3,2,1075
3,2,1075
3,2,1075
3,2,1075
3,2,1075
3,2,1075
3,2,1075
3,2,1075
3,2,1075
3,2,1075
3,2,1075
3,2,1075
3,2,1076
3,2,1076
3,2,1076
3,2,1076
3,2,1076
3,2,1076
3,2,1076
3,2,1076
3,2,1076
3,2,1076
3,2,1076
3,2,1076
3,2,1076
3,2,1076
3,2,1076
3,2,1076
3,2,1076
3,2,1076
3,2,1076
3,2,1076
3,2,1076
3,2,1076
3,2,1076
3,2,1076
3,2,1076
3,2,1076
3,2,1076
3,2,1076
3,2,1076
3,2,1076
3,2,1076
3,2,1076
3,2,1076
3,2,1076
3,2,1076
3,2,1076
3,2,1076
3,2,1076
3,2,1076
3,2,1076
3,2,1076
3,2,1076
3,2,1076
3,2,1076
3,2,1076
3,2,1077
3,2,1077
3,2,1077
3,2,1078
3,2,1080
3,2,1080
3,2,1080
3,2,1080
3,2,1080
3,2,1080
3,2,1080
3,2,1080
3,2,1080
3,2,1080
3,2,1080
3,2,1080
3,2,1080
3,2,1080
3,2,1080
3,2,1080
3,2,1080
3,2,1080
3,2,1080
3,2,1080
3,2,1080
3,2,1080
3,2,1080
3,2,1080
3,2,1080
3,2,1080
3,2,1080
3,2,1080
3,2,1080
3,2,1081
3,2,1081
3,2,1081
3,2,1081
3,2,1081
3,2,1082
3,2,1082
3,2,1082
3,2,1082
3,2,1082
3,2,1082
3,2,1082
3,2,1082
3,2,1082
3,2,1083
3,2,1083
3,2,1083
3,2,1085
3,2,1085
3,2,1085
3,2,1085
3,2,1085
3,2,1085
3,2,1085
3,2,1086
3,2,1087
3,2,1087
3,2,1087
3,2,1087
3,2,1087
3,2,1087
3,2,1087
3,2,1087
3,2,1087
3,2,1087
3,2,1087
3,2,1087
3,2,1087
3,2,1087
3,2,1088
3,2,1088
3,2,1088
3,2,1088
3,2,1088
3,2,1088
3,2,1088
3,2,1089
3,2,1089
3,2,1089
3,2,1089
3,2,1089
3,2,1089
3,2,1089
3,2,1089
3,2,1089
3,2,1090
3,2,1090
3,2,1090
3,2,1090
3,2,1090
3,2,1090
3,2,1091
3,2,1091
3,2,1091
3,2,1092
3,2,1092
3,2,1094
3,2,1094
3,2,1094
3,2,1094
3,2,1094
3,2,1095
3,2,1095
3,2,1095
3,2,1095
3,2,1095
3,2,1095
3,2,1095
3,2,1095
3,2,1095
3,2,1095
3,2,1095
3,2,1095
3,2,1095
3,2,1095
3,2,1096
3,2,1096
3,2,1096
3,2,1096
3,2,1096
3,2,1096
3,2,1096
3,2,1096
3,2,1096
3,2,1096
3,2,1096
3,2,1096
3,2,1096
3,2,1096
3,2,1097
3,2,1097
3,2,1097
3,2,1097
3,2,1097
3,2,1097
3,2,1097
3,2,1097
3,2,1097
3,2,1097
3,2,1097
3,2,1097
3,2,1098
3,2,1098
3,2,1098
3,2,1098
3,2,1098
3,2,1098
3,2,1098
3,2,1098
3,2,1098
3,2,1098
3,2,1098
3,2,1098
3,2,1098
3,2,1098
3,2,1098
3,2,1099
3,2,1099
3,2,1099
3,2,1099
3,2,1100
3,2,1100
3,2,1100
3,2,1100
3,2,1100
3,2,1100
3,2,1100
3,2,1100
3,2,1100
3,2,1100
3,2,1100
3,2,1100
3,2,1100
3,2,1100
3,2,1100
3,2,1100
3,2,1100
3,2,1100
3,2,1100
3,2,1100
3,2,1100
3,2,1100
3,2,1100
3,2,1100
3,2,1100
3,2,1100
3,2,1100
3,2,1100
3,2,1100
3,2,1100
3,2,1100
3,2,1100
3,2,1100
3,2,1100
3,2,1100
3,2,1100
3,2,1100
3,2,1100
3,2,1100
3,2,1100
3,2,1100
3,2,1100
3,2,1100
3,2,1100
3,2,1100
3,2,1100
3,2,1100
3,2,1100
3,2,1100
3,2,1100
3,2,1100
3,2,1100
3,2,1100
3,2,1100
3,2,1100
3,2,1100
3,2,1100
3,2,1100
3,2,1100
3,2,1100
3,2,1100
3,2,1100
3,2,1100
3,2,1100
3,2,1100
3,2,1100
3,2,1100
3,2,1100
3,2,1100
3,2,1100
3,2,1100
3,2,1100
3,2,1100
3,2,1100
3,2,1100
3,2,1100
3,2,1100
3,2,1100
3,2,1100
3,2,1100
3,2,1100
3,2,1100
3,2,1100
3,2,1100
3,2,1100
3,2,1100
3,2,1100
3,2,1100
3,2,1100
3,2,1100
3,2,1100
3,2,1100
3,2,1100
3,2,1100
3,2,1100
3,2,1100
3,2,1100
3,2,1100
3,2,1100
3,2,1100
3,2,1100
3,2,1100
3,2,1100
3,2,1100
3,2,1100
3,2,1100
3,2,1100
3,2,1100
3,2,1100
3,2,1100
3,2,1100
3,2,1100
3,2,1100
3,2,1100
3,2,1100
3,2,1100
3,2,1100
3,2,1100
3,2,1100
3,2,1100
3,2,1100
3,2,1100
3,2,1100
3,2,1100
3,2,1100
3,2,1100
3,2,1100
3,2,1100
3,2,1100
3,2,1100
3,2,1100
3,2,1100
3,2,1100
3,2,1100
3,2,1100
3,2,1100
3,2,1100
3,2,1100
3,2,1100
3,2,1100
3,2,1100
3,2,1100
3,2,1100
3,2,1100
3,2,1100
3,2,1100
3,2,1100
3,2,1100
3,2,1100
3,2,1100
3,2,1100
3,2,1100
3,2,1100
3,2,1100
3,2,1100
3,2,1100
3,2,1100
3,2,1100
3,2,1100
3,2,1100
3,2,1100
3,2,1100
3,2,1100
3,2,1100
3,2,1100
3,2,1100
3,2,1100
3,2,1100
3,2,1100
3,2,1100
3,2,1100
3,2,1100
3,2,1100
3,2,1100
3,2,1100
3,2,1100
3,2,1100
3,2,1100
3,2,1100
3,2,1100
3,2,1100
3,2,1100
3,2,1100
3,2,1100
3,2,1100
3,2,1100
3,2,1100
3,2,1100
3,2,1100
3,2,1100
3,2,1100
3,2,1100
3,2,1100
3,2,1100
3,2,1100
3,2,1100
3,2,1100
3,2,1100
3,2,1100
3,2,1100
3,2,1100
3,2,1100
3,2,1100
3,2,1100
3,2,1100
3,2,1100
3,2,1100
3,2,1100
3,2,1100
3,2,1100
3,2,1100
3,2,1100
3,2,1100
3,2,1100
3,2,1100
3,2,1100
3,2,1100
3,2,1100
3,2,1100
3,2,1100
3,2,1100
3,2,1100
3,2,1100
3,2,1100
3,2,1100
3,2,1100
3,2,1100
3,2,1100
3,2,1100
3,2,1100
3,2,1100
3,2,1100
3,2,1100
3,2,1100
3,2,1100
3,2,1100
3,2,1100
3,2,1100
3,2,1100
3,2,1100
3,2,1100
3,2,1100
3,2,1100
3,2,1100
3,2,1100
3,2,1100
3,2,1100
3,2,1100
3,2,1100
3,2,1100
3,2,1100
3,2,1100
3,2,1100
3,2,1100
3,2,1100
3,2,1100
3,2,1100
3,2,1100
3,2,1100
3,2,1100
3,2,1100
3,2,1100
3,2,1100
3,2,1100
3,2,1100
3,2,1100
3,2,1100
3,2,1100
3,2,1100
3,2,1100
3,2,1100
3,2,1100
3,2,1100
3,2,1100
3,2,1100
3,2,1100
3,2,1100
3,2,1100
3,2,1100
3,2,1100
3,2,1100
3,2,1100
3,2,1100
3,2,1100
3,2,1100
3,2,1100
3,2,1100
3,2,1100
3,2,1100
3,2,1100
3,2,1100
3,2,1100
3,2,1100
3,2,1100
3,2,1100
3,2,1100
3,2,1100
3,2,1100
3,2,1100
3,2,1100
3,2,1100
3,2,1100
3,2,1100
3,2,1100
3,2,1100
3,2,1100
3,2,1100
3,2,1100
3,2,1100
3,2,1100
3,2,1100
3,2,1100
3,2,1100
3,2,1100
3,2,1100
3,2,1100
3,2,1100
3,2,1100
3,2,1100
3,2,1100
3,2,1100
3,2,1100
3,2,1100
3,2,1100
3,2,1100
3,2,1100
3,2,1100
3,2,1100
3,2,1100
3,2,1100
3,2,1100
3,2,1100
3,2,1100
3,2,1100
3,2,1100
3,2,1100
3,2,1100
3,2,1100
3,2,1100
3,2,1100
3,2,1100
3,2,1100
3,2,1100
3,2,1100
3,2,1100
3,2,1100
3,2,1100
3,2,1100
3,2,1100
3,2,1100
3,2,1100
3,2,1100
3,2,1100
3,2,1100
3,2,1100
3,2,1100
3,2,1100
3,2,1100
3,2,1100
3,2,1100
3,2,1100
3,2,1100
3,2,1100
3,2,1100
3,2,1100
3,2,1100
3,2,1100
3,2,1100
3,2,1100
3,2,1100
3,2,1100
3,2,1100
3,2,1100
3,2,1100
3,2,1100
3,2,1100
3,2,1100
3,2,1100
3,2,1100
3,2,1100
3,2,1100
3,2,1100
3,2,1100
3,2,1100
3,2,1100
3,2,1100
3,2,1100
3,2,1100
3,2,1100
3,2,1100
3,2,1100
3,2,1100
3,2,1100
3,2,1100
3,2,1100
3,2,1100
3,2,1100
3,2,1100
3,2,1100
3,2,1100
3,2,1100
3,2,1100
3,2,1100
3,2,1100
3,2,1100
3,2,1100
3,2,1100
3,2,1100
3,2,1100
3,2,1100
3,2,1100
3,2,1100
3,2,1100
3,2,1100
3,2,1100
3,2,1100
3,2,1100
3,2,1100
3,2,1100
3,2,1100
3,2,1100
3,2,1100
3,2,1100
3,2,1100
3,2,1100
3,2,1100
3,2,1100
3,2,1100
3,2,1100
3,2,1100
3,2,1100
3,2,1100
3,2,1100
3,2,1100
3,2,1100
3,2,1100
3,2,1100
3,2,1100
3,2,1100
3,2,1100
3,2,1100
3,2,1100
3,2,1101
3,2,1101
3,2,1101
3,2,1101
3,2,1101
3,2,1101
3,2,1101
3,2,1101
3,2,1101
3,2,1101
3,2,1101
3,2,1101
3,2,1101
3,2,1101
3,2,1101
3,2,1101
3,2,1101
3,2,1101
3,2,1101
3,2,1101
3,2,1102
3,2,1102
3,2,1102
3,2,1102
3,2,1103
3,2,1104
3,2,1104
3,2,1105
3,2,1105
3,2,1105
3,2,1105
3,2,1105
3,2,1105
3,2,1106
3,2,1106
3,2,1106
3,2,1106
3,2,1106
3,2,1106
3,2,1108
3,2,1109
3,2,1109
3,2,1109
3,2,1109
3,2,1109
3,2,1109
3,2,1109
3,2,1109
3,2,1109
3,2,1109
3,2,1109
3,2,1109
3,2,1110
3,2,1110
3,2,1110
3,2,1110
3,2,1110
3,2,1111
3,2,1111
3,2,1112
3,2,1114
3,2,1114
3,2,1114
3,2,1114
3,2,1114
3,2,1114
3,2,1114
3,2,1114
3,2,1114
3,2,1114
3,2,1114
3,2,1114
3,2,1114
3,2,1114
3,2,1114
3,2,1114
3,2,1114
3,2,1115
3,2,1115
3,2,1115
3,2,1115
3,2,1118
3,2,1118
3,2,1118
3,2,1118
3,2,1118
3,2,1118
3,2,1118
3,2,1118
3,2,1118
3,2,1118
3,2,1118
3,2,1118
3,2,1119
3,2,1119
3,2,1119
3,2,1119
3,2,1119
3,2,1119
3,2,1119
3,2,1119
3,2,1119
3,2,1119
3,2,1119
3,2,1119
3,2,1119
3,2,1119
3,2,1119
3,2,1119
3,2,1119
3,2,1119
3,2,1119
3,2,1119
3,2,1120
3,2,1120
3,2,1120
3,2,1120
3,2,1120
3,2,1120
3,2,1120
3,2,1120
3,2,1120
3,2,1120
3,2,1121
3,2,1121
3,2,1121
3,2,1121
3,2,1123
3,2,1123
3,2,1124
3,2,1124
3,2,1124
3,2,1124
3,2,1124
3,2,1124
3,2,1124
3,2,1124
3,2,1125
3,2,1125
3,2,1125
3,2,1125
3,2,1125
3,2,1125
3,2,1125
3,2,1125
3,2,1125
3,2,1125
3,2,1125
3,2,1126
3,2,1126
3,2,1126
3,2,1126
3,2,1126
3,2,1127
3,2,1127
3,2,1127
3,2,1127
3,2,1127
3,2,1128
3,2,1129
3,2,1129
3,2,1130
3,2,1130
3,2,1130
3,2,1130
3,2,1130
3,2,1130
3,2,1130
3,2,1130
3,2,1130
3,2,1130
3,2,1130
3,2,1130
3,2,1130
3,2,1131
3,2,1133
3,2,1133
3,2,1134
3,2,1134
3,2,1134
3,2,1134
3,2,1135
3,2,1135
3,2,1135
3,2,1136
3,2,1136
3,2,1136
3,2,1138
3,2,1138
3,2,1138
3,2,1138
3,2,1138
3,2,1138
3,2,1139
3,2,1139
3,2,1139
3,2,1139
3,2,1140
3,2,1140
3,2,1140
3,2,1140
3,2,1140
3,2,1140
3,2,1140
3,2,1140
3,2,1140
3,2,1141
3,2,1141
3,2,1141
3,2,1141
3,2,1141
3,2,1141
3,2,1141
3,2,1141
3,2,1141
3,2,1141
3,2,1141
3,2,1141
3,2,1141
3,2,1142
3,2,1142
3,2,1142
3,2,1142
3,2,1142
3,2,1142
3,2,1143
3,2,1144
3,2,1144
3,2,1144
3,2,1144
3,2,1144
3,2,1144
3,2,1144
3,2,1145
3,2,1147
3,2,1147
3,2,1148
3,2,1148
3,2,1148
3,2,1150
3,2,1150
3,2,1150
3,2,1150
3,2,1150
3,2,1150
3,2,1150
3,2,1150
3,2,1150
3,2,1150
3,2,1150
3,2,1150
3,2,1150
3,2,1150
3,2,1150
3,2,1150
3,2,1150
3,2,1150
3,2,1150
3,2,1150
3,2,1150
3,2,1150
3,2,1150
3,2,1150
3,2,1150
3,2,1150
3,2,1150
3,2,1150
3,2,1150
3,2,1150
3,2,1150
3,2,1150
3,2,1150
3,2,1150
3,2,1150
3,2,1150
3,2,1150
3,2,1150
3,2,1150
3,2,1150
3,2,1150
3,2,1150
3,2,1150
3,2,1150
3,2,1150
3,2,1150
3,2,1150
3,2,1150
3,2,1150
3,2,1150
3,2,1150
3,2,1150
3,2,1150
3,2,1150
3,2,1150
3,2,1150
3,2,1150
3,2,1150
3,2,1150
3,2,1150
3,2,1150
3,2,1150
3,2,1151
3,2,1151
3,2,1151
3,2,1151
3,2,1151
3,2,1152
3,2,1152
3,2,1152
3,2,1152
3,2,1152
3,2,1152
3,2,1152
3,2,1152
3,2,1152
3,2,1152
3,2,1152
3,2,1152
3,2,1152
3,2,1152
3,2,1152
3,2,1152
3,2,1152
3,2,1152
3,2,1152
3,2,1152
3,2,1152
3,2,1152
3,2,1152
3,2,1152
3,2,1152
3,2,1152
3,2,1152
3,2,1153
3,2,1155
3,2,1157
3,2,1157
3,2,1160
3,2,1160
3,2,1160
3,2,1160
3,2,1160
3,2,1160
3,2,1160
3,2,1161
3,2,1162
3,2,1162
3,2,1162
3,2,1162
3,2,1163
3,2,1163
3,2,1163
3,2,1163
3,2,1163
3,2,1163
3,2,1163
3,2,1163
3,2,1163
3,2,1163
3,2,1163
3,2,1163
3,2,1163
3,2,1163
3,2,1163
3,2,1163
3,2,1163
3,2,1163
3,2,1163
3,2,1163
3,2,1163
3,2,1163
3,2,1164
3,2,1164
3,2,1164
3,2,1165
3,2,1166
3,2,1166
3,2,1166
3,2,1166
3,2,1167
3,2,1168
3,2,1168
3,2,1168
3,2,1168
3,2,1170
3,2,1170
3,2,1170
3,2,1170
3,2,1170
3,2,1170
3,2,1170
3,2,1170
3,2,1170
3,2,1170
3,2,1171
3,2,1172
3,2,1172
3,2,1173
3,2,1173
3,2,1173
3,2,1173
3,2,1173
3,2,1173
3,2,1173
3,2,1177
3,2,1178
3,2,1178
3,2,1178
3,2,1179
3,2,1180
3,2,1180
3,2,1180
3,2,1180
3,2,1180
3,2,1180
3,2,1181
3,2,1181
3,2,1181
3,2,1181
3,2,1181
3,2,1182
3,2,1182
3,2,1183
3,2,1184
3,2,1184
3,2,1184
3,2,1184
3,2,1184
3,2,1184
3,2,1184
3,2,1184
3,2,1184
3,2,1184
3,2,1184
3,2,1185
3,2,1185
3,2,1185
3,2,1185
3,2,1185
3,2,1185
3,2,1185
3,2,1185
3,2,1186
3,2,1186
3,2,1186
3,2,1188
3,2,1188
3,2,1188
3,2,1190
3,2,1190
3,2,1190
3,2,1190
3,2,1190
3,2,1190
3,2,1190
3,2,1190
3,2,1191
3,2,1191
3,2,1191
3,2,1192
3,2,1192
3,2,1192
3,2,1192
3,2,1192
3,2,1192
3,2,1192
3,2,1192
3,2,1192
3,2,1192
3,2,1192
3,2,1192
3,2,1192
3,2,1192
3,2,1192
3,2,1192
3,2,1192
3,2,1193
3,2,1193
3,2,1193
3,2,1193
3,2,1194
3,2,1195
3,2,1195
3,2,1196
3,2,1196
3,2,1196
3,2,1196
3,2,1196
3,2,1196
3,2,1196
3,2,1200
3,2,1200
3,2,1200
3,2,1200
3,2,1200
3,2,1200
3,2,1200
3,2,1200
3,2,1200
3,2,1200
3,2,1200
3,2,1200
3,2,1200
3,2,1200
3,2,1200
3,2,1200
3,2,1200
3,2,1200
3,2,1200
3,2,1200
3,2,1200
3,2,1200
3,2,1200
3,2,1200
3,2,1200
3,2,1200
3,2,1200
3,2,1200
3,2,1200
3,2,1200
3,2,1200
3,2,1200
3,2,1200
3,2,1200
3,2,1200
3,2,1200
3,2,1200
3,2,1200
3,2,1200
3,2,1200
3,2,1200
3,2,1200
3,2,1200
3,2,1200
3,2,1200
3,2,1200
3,2,1200
3,2,1200
3,2,1200
3,2,1200
3,2,1200
3,2,1200
3,2,1200
3,2,1200
3,2,1200
3,2,1200
3,2,1200
3,2,1200
3,2,1200
3,2,1200
3,2,1200
3,2,1200
3,2,1200
3,2,1200
3,2,1200
3,2,1200
3,2,1200
3,2,1200
3,2,1200
3,2,1200
3,2,1200
3,2,1200
3,2,1200
3,2,1200
3,2,1200
3,2,1200
3,2,1200
3,2,1200
3,2,1200
3,2,1200
3,2,1200
3,2,1200
3,2,1200
3,2,1200
3,2,1200
3,2,1200
3,2,1200
3,2,1200
3,2,1200
3,2,1200
3,2,1200
3,2,1200
3,2,1200
3,2,1200
3,2,1200
3,2,1200
3,2,1200
3,2,1200
3,2,1200
3,2,1200
3,2,1200
3,2,1200
3,2,1200
3,2,1200
3,2,1200
3,2,1200
3,2,1200
3,2,1200
3,2,1200
3,2,1200
3,2,1200
3,2,1200
3,2,1200
3,2,1200
3,2,1200
3,2,1200
3,2,1200
3,2,1200
3,2,1200
3,2,1200
3,2,1200
3,2,1200
3,2,1200
3,2,1200
3,2,1200
3,2,1200
3,2,1200
3,2,1200
3,2,1200
3,2,1200
3,2,1200
3,2,1200
3,2,1200
3,2,1200
3,2,1200
3,2,1200
3,2,1200
3,2,1200
3,2,1200
3,2,1200
3,2,1200
3,2,1200
3,2,1200
3,2,1200
3,2,1200
3,2,1200
3,2,1200
3,2,1200
3,2,1200
3,2,1200
3,2,1200
3,2,1200
3,2,1200
3,2,1200
3,2,1200
3,2,1200
3,2,1200
3,2,1200
3,2,1200
3,2,1200
3,2,1200
3,2,1200
3,2,1200
3,2,1200
3,2,1200
3,2,1200
3,2,1200
3,2,1200
3,2,1200
3,2,1200
3,2,1200
3,2,1200
3,2,1200
3,2,1200
3,2,1200
3,2,1200
3,2,1200
3,2,1200
3,2,1200
3,2,1200
3,2,1200
3,2,1200
3,2,1200
3,2,1200
3,2,1200
3,2,1200
3,2,1200
3,2,1200
3,2,1200
3,2,1200
3,2,1200
3,2,1200
3,2,1200
3,2,1200
3,2,1200
3,2,1200
3,2,1200
3,2,1200
3,2,1200
3,2,1200
3,2,1200
3,2,1200
3,2,1200
3,2,1200
3,2,1200
3,2,1200
3,2,1200
3,2,1200
3,2,1200
3,2,1200
3,2,1200
3,2,1200
3,2,1200
3,2,1200
3,2,1200
3,2,1200
3,2,1200
3,2,1200
3,2,1200
3,2,1200
3,2,1200
3,2,1200
3,2,1200
3,2,1200
3,2,1200
3,2,1200
3,2,1200
3,2,1200
3,2,1200
3,2,1200
3,2,1200
3,2,1200
3,2,1200
3,2,1200
3,2,1200
3,2,1200
3,2,1200
3,2,1200
3,2,1200
3,2,1200
3,2,1200
3,2,1200
3,2,1200
3,2,1200
3,2,1200
3,2,1200
3,2,1200
3,2,1200
3,2,1200
3,2,1200
3,2,1200
3,2,1200
3,2,1200
3,2,1200
3,2,1200
3,2,1200
3,2,1200
3,2,1200
3,2,1200
3,2,1200
3,2,1200
3,2,1200
3,2,1200
3,2,1200
3,2,1200
3,2,1200
3,2,1200
3,2,1200
3,2,1200
3,2,1200
3,2,1200
3,2,1200
3,2,1200
3,2,1200
3,2,1200
3,2,1200
3,2,1200
3,2,1200
3,2,1200
3,2,1200
3,2,1200
3,2,1200
3,2,1200
3,2,1200
3,2,1200
3,2,1200
3,2,1200
3,2,1200
3,2,1200
3,2,1200
3,2,1200
3,2,1200
3,2,1200
3,2,1200
3,2,1200
3,2,1200
3,2,1200
3,2,1200
3,2,1200
3,2,1200
3,2,1200
3,2,1200
3,2,1200
3,2,1201
3,2,1202
3,2,1202
3,2,1202
3,2,1202
3,2,1202
3,2,1202
3,2,1202
3,2,1203
3,2,1203
3,2,1204
3,2,1204
3,2,1205
3,2,1205
3,2,1205
3,2,1205
3,2,1205
3,2,1205
3,2,1205
3,2,1206
3,2,1206
3,2,1206
3,2,1206
3,2,1206
3,2,1206
3,2,1206
3,2,1206
3,2,1206
3,2,1206
3,2,1207
3,2,1207
3,2,1207
3,2,1207
3,2,1208
3,2,1208
3,2,1209
3,2,1210
3,2,1211
3,2,1211
3,2,1211
3,2,1211
3,2,1211
3,2,1211
3,2,1211
3,2,1211
3,2,1211
3,2,1211
3,2,1212
3,2,1212
3,2,1212
3,2,1212
3,2,1212
3,2,1212
3,2,1212
3,2,1215
3,2,1215
3,2,1215
3,2,1215
3,2,1215
3,2,1215
3,2,1216
3,2,1216
3,2,1216
3,2,1216
3,2,1216
3,2,1216
3,2,1216
3,2,1216
3,2,1216
3,2,1216
3,2,1216
3,2,1218
3,2,1219
3,2,1219
3,2,1220
3,2,1220
3,2,1221
3,2,1221
3,2,1221
3,2,1221
3,2,1221
3,2,1221
3,2,1221
3,2,1221
3,2,1221
3,2,1221
3,2,1221
3,2,1221
3,2,1221
3,2,1221
3,2,1222
3,2,1222
3,2,1222
3,2,1223
3,2,1223
3,2,1224
3,2,1224
3,2,1224
3,2,1224
3,2,1224
3,2,1224
3,2,1224
3,2,1224
3,2,1224
3,2,1224
3,2,1225
3,2,1226
3,2,1226
3,2,1226
3,2,1226
3,2,1226
3,2,1226
3,2,1226
3,2,1226
3,2,1227
3,2,1227
3,2,1228
3,2,1228
3,2,1228
3,2,1228
3,2,1228
3,2,1230
3,2,1230
3,2,1230
3,2,1230
3,2,1231
3,2,1231
3,2,1231
3,2,1231
3,2,1232
3,2,1233
3,2,1234
3,2,1234
3,2,1234
3,2,1235
3,2,1235
3,2,1235
3,2,1235
3,2,1235
3,2,1236
3,2,1236
3,2,1236
3,2,1236
3,2,1237
3,2,1238
3,2,1238
3,2,1238
3,2,1238
3,2,1238
3,2,1238
3,2,1238
3,2,1238
3,2,1238
3,2,1238
3,2,1238
3,2,1238
3,2,1238
3,2,1239
3,2,1239
3,2,1240
3,2,1240
3,2,1240
3,2,1240
3,2,1240
3,2,1240
3,2,1240
3,2,1240
3,2,1240
3,2,1240
3,2,1240
3,2,1240
3,2,1240
3,2,1243
3,2,1245
3,2,1245
3,2,1245
3,2,1245
3,2,1246
3,2,1246
3,2,1246
3,2,1246
3,2,1246
3,2,1247
3,2,1247
3,2,1247
3,2,1247
3,2,1248
3,2,1248
3,2,1248
3,2,1248
3,2,1248
3,2,1248
3,2,1249
3,2,1250
3,2,1250
3,2,1250
3,2,1250
3,2,1250
3,2,1250
3,2,1250
3,2,1250
3,2,1250
3,2,1250
3,2,1250
3,2,1250
3,2,1250
3,2,1250
3,2,1250
3,2,1250
3,2,1250
3,2,1250
3,2,1250
3,2,1250
3,2,1250
3,2,1250
3,2,1250
3,2,1250
3,2,1250
3,2,1250
3,2,1250
3,2,1250
3,2,1250
3,2,1250
3,2,1250
3,2,1250
3,2,1250
3,2,1250
3,2,1250
3,2,1250
3,2,1250
3,2,1250
3,2,1250
3,2,1250
3,2,1250
3,2,1250
3,2,1250
3,2,1250
3,2,1250
3,2,1250
3,2,1250
3,2,1250
3,2,1250
3,2,1250
3,2,1250
3,2,1250
3,2,1250
3,2,1250
3,2,1250
3,2,1250
3,2,1250
3,2,1250
3,2,1250
3,2,1250
3,2,1250
3,2,1250
3,2,1253
3,2,1253
3,2,1255
3,2,1255
3,2,1255
3,2,1255
3,2,1255
3,2,1255
3,2,1255
3,2,1255
3,2,1255
3,2,1256
3,2,1256
3,2,1257
3,2,1257
3,2,1257
3,2,1257
3,2,1257
3,2,1258
3,2,1259
3,2,1259
3,2,1259
3,2,1259
3,2,1259
3,2,1259
3,2,1259
3,2,1259
3,2,1259
3,2,1259
3,2,1259
3,2,1260
3,2,1260
3,2,1260
3,2,1260
3,2,1260
3,2,1260
3,2,1260
3,2,1260
3,2,1260
3,2,1260
3,2,1260
3,2,1260
3,2,1260
3,2,1260
3,2,1260
3,2,1260
3,2,1260
3,2,1260
3,2,1260
3,2,1260
3,2,1260
3,2,1260
3,2,1260
3,2,1260
3,2,1260
3,2,1260
3,2,1260
3,2,1260
3,2,1260
3,2,1260
3,2,1260
3,2,1260
3,2,1260
3,2,1260
3,2,1260
3,2,1260
3,2,1262
3,2,1262
3,2,1263
3,2,1264
3,2,1265
3,2,1266
3,2,1266
3,2,1266
3,2,1266
3,2,1266
3,2,1266
3,2,1266
3,2,1267
3,2,1267
3,2,1267
3,2,1267
3,2,1267
3,2,1267
3,2,1267
3,2,1267
3,2,1268
3,2,1268
3,2,1269
3,2,1269
3,2,1269
3,2,1270
3,2,1270
3,2,1270
3,2,1270
3,2,1270
3,2,1270
3,2,1270
3,2,1270
3,2,1270
3,2,1270
3,2,1270
3,2,1270
3,2,1270
3,2,1270
3,2,1270
3,2,1270
3,2,1270
3,2,1270
3,2,1270
3,2,1270
3,2,1270
3,2,1270
3,2,1270
3,2,1271
3,2,1272
3,2,1272
3,2,1272
3,2,1274
3,2,1275
3,2,1275
3,2,1276
3,2,1276
3,2,1276
3,2,1276
3,2,1279
3,2,1279
3,2,1280
3,2,1280
3,2,1280
3,2,1280
3,2,1280
3,2,1280
3,2,1280
3,2,1280
3,2,1280
3,2,1280
3,2,1280
3,2,1280
3,2,1280
3,2,1280
3,2,1280
3,2,1281
3,2,1284
3,2,1285
3,2,1285
3,2,1285
3,2,1285
3,2,1285
3,2,1285
3,2,1285
3,2,1285
3,2,1288
3,2,1288
3,2,1288
3,2,1288
3,2,1288
3,2,1288
3,2,1288
3,2,1288
3,2,1288
3,2,1288
3,2,1288
3,2,1288
3,2,1288
3,2,1288
3,2,1288
3,2,1288
3,2,1288
3,2,1288
3,2,1288
3,2,1288
3,2,1288
3,2,1288
3,2,1288
3,2,1290
3,2,1290
3,2,1290
3,2,1290
3,2,1292
3,2,1292
3,2,1295
3,2,1295
3,2,1295
3,2,1295
3,2,1295
3,2,1295
3,2,1295
3,2,1295
3,2,1297
3,2,1297
3,2,1297
3,2,1297
3,2,1297
3,2,1298
3,2,1299
3,2,1300
3,2,1300
3,2,1300
3,2,1300
3,2,1300
3,2,1300
3,2,1300
3,2,1300
3,2,1300
3,2,1300
3,2,1300
3,2,1300
3,2,1300
3,2,1300
3,2,1300
3,2,1300
3,2,1300
3,2,1300
3,2,1300
3,2,1300
3,2,1300
3,2,1300
3,2,1300
3,2,1300
3,2,1300
3,2,1300
3,2,1300
3,2,1300
3,2,1300
3,2,1300
3,2,1300
3,2,1300
3,2,1300
3,2,1300
3,2,1300
3,2,1300
3,2,1300
3,2,1300
3,2,1300
3,2,1300
3,2,1300
3,2,1300
3,2,1300
3,2,1300
3,2,1300
3,2,1300
3,2,1300
3,2,1300
3,2,1300
3,2,1300
3,2,1300
3,2,1300
3,2,1300
3,2,1300
3,2,1300
3,2,1300
3,2,1300
3,2,1300
3,2,1300
3,2,1300
3,2,1300
3,2,1300
3,2,1300
3,2,1300
3,2,1300
3,2,1300
3,2,1300
3,2,1300
3,2,1300
3,2,1300
3,2,1300
3,2,1300
3,2,1300
3,2,1300
3,2,1300
3,2,1300
3,2,1300
3,2,1300
3,2,1300
3,2,1300
3,2,1300
3,2,1300
3,2,1302
3,2,1302
3,2,1302
3,2,1302
3,2,1304
3,2,1305
3,2,1305
3,2,1305
3,2,1305
3,2,1305
3,2,1305
3,2,1305
3,2,1305
3,2,1306
3,2,1312
3,2,1313
3,2,1313
3,2,1313
3,2,1313
3,2,1313
3,2,1313
3,2,1316
3,2,1316
3,2,1316
3,2,1316
3,2,1317
3,2,1319
3,2,1319
3,2,1320
3,2,1320
3,2,1320
3,2,1321
3,2,1323
3,2,1323
3,2,1323
3,2,1323
3,2,1323
3,2,1323
3,2,1325
3,2,1326
3,2,1328
3,2,1328
3,2,1328
3,2,1328
3,2,1328
3,2,1328
3,2,1328
3,2,1330
3,2,1330
3,2,1330
3,2,1333
3,2,1333
3,2,1333
3,2,1333
3,2,1333
3,2,1333
3,2,1333
3,2,1333
3,2,1334
3,2,1335
3,2,1336
3,2,1337
3,2,1338
3,2,1338
3,2,1338
3,2,1338
3,2,1338
3,2,1343
3,2,1345
3,2,1346
3,2,1346
3,2,1349
3,2,1350
3,2,1350
3,2,1350
3,2,1350
3,2,1350
3,2,1350
3,2,1350
3,2,1350
3,2,1350
3,2,1350
3,2,1351
3,2,1355
3,2,1356
3,2,1356
3,2,1356
3,2,1357
3,2,1358
3,2,1359
3,2,1360
3,2,1360
3,2,1360
3,2,1360
3,2,1360
3,2,1360
3,2,1362
3,2,1363
3,2,1363
3,2,1365
3,2,1365
3,2,1365
3,2,1365
3,2,1365
3,2,1365
3,2,1365
3,2,1365
3,2,1365
3,2,1365
3,2,1366
3,2,1366
3,2,1366
3,2,1366
3,2,1367
3,2,1367
3,2,1367
3,2,1367
3,2,1369
3,2,1370
3,2,1372
3,2,1372
3,2,1373
3,2,1376
3,2,1376
3,2,1376
3,2,1378
3,2,1378
3,2,1378
3,2,1380
3,2,1382
3,2,1382
3,2,1382
3,2,1382
3,2,1382
3,2,1382
3,2,1382
3,2,1383
3,2,1384
3,2,1385
3,2,1385
3,2,1385
3,2,1388
3,2,1388
3,2,1388
3,2,1388
3,2,1388
3,2,1388
3,2,1388
3,2,1389
3,2,1390
3,2,1390
3,2,1390
3,2,1390
3,2,1390
3,2,1390
3,2,1390
3,2,1390
3,2,1390
3,2,1390
3,2,1390
3,2,1390
3,2,1390
3,2,1390
3,2,1390
3,2,1391
3,2,1394
3,2,1394
3,2,1398
3,2,1398
3,2,1398
3,2,1398
3,2,1398
3,2,1398
3,2,1399
3,2,1399
3,2,1400
3,2,1400
3,2,1400
3,2,1400
3,2,1400
3,2,1400
3,2,1400
3,2,1400
3,2,1400
3,2,1400
3,2,1400
3,2,1400
3,2,1400
3,2,1400
3,2,1400
3,2,1400
3,2,1400
3,2,1400
3,2,1400
3,2,1400
3,2,1400
3,2,1400
3,2,1400
3,2,1400
3,2,1400
3,2,1400
3,2,1400
3,2,1400
3,2,1400
3,2,1400
3,2,1400
3,2,1400
3,2,1400
3,2,1400
3,2,1400
3,2,1400
3,2,1400
3,2,1400
3,2,1400
3,2,1400
3,2,1400
3,2,1400
3,2,1400
3,2,1400
3,2,1400
3,2,1400
3,2,1400
3,2,1402
3,2,1402
3,2,1405
3,2,1405
3,2,1408
3,2,1408
3,2,1408
3,2,1408
3,2,1408
3,2,1410
3,2,1410
3,2,1411
3,2,1412
3,2,1417
3,2,1417
3,2,1419
3,2,1420
3,2,1421
3,2,1421
3,2,1421
3,2,1422
3,2,1422
3,2,1426
3,2,1432
3,2,1440
3,2,1440
3,2,1448
3,2,1450
3,2,1450
3,2,1450
3,2,1450
3,2,1450
3,2,1450
3,2,1450
3,2,1450
3,2,1450
3,2,1450
3,2,1451
3,2,1453
3,2,1460
3,2,1460
3,2,1465
3,2,1465
3,2,1465
3,2,1465
3,2,1468
3,2,1468
3,2,1468
3,2,1470
3,2,1470
3,2,1470
3,2,1470
3,2,1470
3,2,1473
3,2,1474
3,2,1474
3,2,1478
3,2,1480
3,2,1485
3,2,1485
3,2,1485
3,2,1485
3,2,1486
3,2,1488
3,2,1488
3,2,1496
3,2,1497
3,2,1497
3,2,1500
3,2,1500
3,2,1500
3,2,1500
3,2,1500
3,2,1500
3,2,1500
3,2,1500
3,2,1500
3,2,1500
3,2,1500
3,2,1500
3,2,1500
3,2,1500
3,2,1500
3,2,1500
3,2,1500
3,2,1500
3,2,1500
3,2,1500
3,2,1500
3,2,1500
3,2,1500
3,2,1500
3,2,1500
3,2,1500
3,2,1500
3,2,1500
3,2,1500
3,2,1500
3,2,1500
3,2,1500
3,2,1500
3,2,1500
3,2,1500
3,2,1500
3,2,1500
3,2,1500
3,2,1500
3,2,1500
3,2,1500
3,2,1500
3,2,1500
3,2,1500
3,2,1500
3,2,1500
3,2,1500
3,2,1508
3,2,1510
3,2,1513
3,2,1513
3,2,1528
3,2,1528
3,2,1528
3,2,1529
3,2,1529
3,2,1538
3,2,1538
3,2,1538
3,2,1539
3,2,1539
3,2,1539
3,2,1539
3,2,1539
3,2,1539
3,2,1543
3,2,1548
3,2,1550
3,2,1550
3,2,1550
3,2,1550
3,2,1550
3,2,1550
3,2,1550
3,2,1550
3,2,1550
3,2,1550
3,2,1551
3,2,1555
3,2,1567
3,2,1570
3,2,1570
3,2,1570
3,2,1570
3,2,1570
3,2,1570
3,2,1572
3,2,1572
3,2,1572
3,2,1572
3,2,1577
3,2,1582
3,2,1587
3,2,1590
3,2,1590
3,2,1590
3,2,1590
3,2,1600
3,2,1600
3,2,1600
3,2,1600
3,2,1600
3,2,1600
3,2,1600
3,2,1600
3,2,1600
3,2,1600
3,2,1600
3,2,1600
3,2,1645
3,2,1647
3,2,1647
3,2,1648
3,2,1650
3,2,1650
3,2,1650
3,2,1668
3,2,1670
3,2,1677
3,2,1680
3,2,1680
3,2,1680
3,2,1681
3,2,1681
3,2,1690
3,2,1700
3,2,1700
3,2,1700
3,2,1700
3,2,1700
3,2,1700
3,2,1711
3,2,1740
3,2,1786
3,2,1800
3,2,1800
3,2,1800
3,2,1800
3,2,1830
3,2,1830
3,2,1830
3,2,1841
3,2,1860
3,2,1861
3,2,1900
3,2,1900
3,2,1920
3,2,2000
3,2,2000
3,2,2000
3,2,2073
3,2,2300
3,2,2300
3,2,8300
3,2,9001
3,2,15000
3,2,48010
3,3,2
3,3,2
3,3,3
3,3,650
3,3,750
3,3,800
3,3,815
3,3,820
3,3,842
3,3,850
3,3,850
3,3,850
3,3,850
3,3,855
3,3,855
3,3,855
3,3,855
3,3,884
3,3,890
3,3,900
3,3,900
3,3,900
3,3,900
3,3,900
3,3,911
3,3,914
3,3,914
3,3,914
3,3,914
3,3,914
3,3,918
3,3,918
3,3,918
3,3,928
3,3,931
3,3,932
3,3,935
3,3,943
3,3,953
3,3,956
3,3,957
3,3,957
3,3,957
3,3,957
3,3,957
3,3,960
3,3,960
3,3,988
3,3,990
3,3,999
3,3,1000
3,3,1000
3,3,1000
3,3,1000
3,3,1000
3,3,1001
3,3,1003
3,3,1003
3,3,1003
3,3,1003
3,3,1003
3,3,1003
3,3,1003
3,3,1003
3,3,1008
3,3,1010
3,3,1010
3,3,1010
3,3,1010
3,3,1010
3,3,1010
3,3,1010
3,3,1020
3,3,1022
3,3,1022
3,3,1022
3,3,1022
3,3,1022
3,3,1022
3,3,1022
3,3,1022
3,3,1022
3,3,1022
3,3,1022
3,3,1022
3,3,1022
3,3,1022
3,3,1022
3,3,1022
3,3,1022
3,3,1022
3,3,1022
3,3,1022
3,3,1022
3,3,1022
3,3,1022
3,3,1022
3,3,1022
3,3,1022
3,3,1023
3,3,1023
3,3,1023
3,3,1023
3,3,1023
3,3,1024
3,3,1024
3,3,1040
3,3,1044
3,3,1044
3,3,1044
3,3,1044
3,3,1044
3,3,1044
3,3,1045
3,3,1048
3,3,1050
3,3,1050
3,3,1050
3,3,1050
3,3,1055
3,3,1055
3,3,1055
3,3,1055
3,3,1060
3,3,1065
3,3,1066
3,3,1066
3,3,1067
3,3,1067
3,3,1067
3,3,1067
3,3,1067
3,3,1067
3,3,1072
3,3,1072
3,3,1073
3,3,1073
3,3,1073
3,3,1076
3,3,1082
3,3,1082
3,3,1082
3,3,1082
3,3,1082
3,3,1082
3,3,1082
3,3,1082
3,3,1082
3,3,1082
3,3,1082
3,3,1082
3,3,1082
3,3,1082
3,3,1082
3,3,1082
3,3,1089
3,3,1089
3,3,1096
3,3,1098
3,3,1100
3,3,1100
3,3,1100
3,3,1100
3,3,1100
3,3,1100
3,3,1100
3,3,1100
3,3,1100
3,3,1100
3,3,1100
3,3,1100
3,3,1100
3,3,1106
3,3,1106
3,3,1106
3,3,1116
3,3,1118
3,3,1118
3,3,1121
3,3,1125
3,3,1126
3,3,1130
3,3,1141
3,3,1141
3,3,1141
3,3,1144
3,3,1144
3,3,1150
3,3,1155
3,3,1155
3,3,1155
3,3,1155
3,3,1155
3,3,1155
3,3,1162
3,3,1162
3,3,1162
3,3,1162
3,3,1162
3,3,1180
3,3,1180
3,3,1184
3,3,1184
3,3,1184
3,3,1186
3,3,1186
3,3,1186
3,3,1186
3,3,1186
3,3,1186
3,3,1200
3,3,1200
3,3,1200
3,3,1200
3,3,1200
3,3,1200
3,3,1200
3,3,1200
3,3,1200
3,3,1200
3,3,1200
3,3,1200
3,3,1200
3,3,1200
3,3,1200
3,3,1200
3,3,1200
3,3,1200
3,3,1200
3,3,1200
3,3,1200
3,3,1200
3,3,1203
3,3,1203
3,3,1203
3,3,1203
3,3,1208
3,3,1208
3,3,1208
3,3,1208
3,3,1210
3,3,1210
3,3,1210
3,3,1211
3,3,1216
3,3,1216
3,3,1216
3,3,1216
3,3,1216
3,3,1216
3,3,1219
3,3,1219
3,3,1224
3,3,1224
3,3,1228
3,3,1230
3,3,1236
3,3,1237
3,3,1237
3,3,1237
3,3,1237
3,3,1237
3,3,1237
3,3,1239
3,3,1239
3,3,1239
3,3,1239
3,3,1241
3,3,1242
3,3,1243
3,3,1243
3,3,1243
3,3,1243
3,3,1243
3,3,1246
3,3,1250
3,3,1250
3,3,1250
3,3,1250
3,3,1250
3,3,1250
3,3,1250
3,3,1250
3,3,1250
3,3,1250
3,3,1250
3,3,1250
3,3,1250
3,3,1250
3,3,1250
3,3,1250
3,3,1250
3,3,1250
3,3,1259
3,3,1260
3,3,1267
3,3,1267
3,3,1267
3,3,1267
3,3,1267
3,3,1267
3,3,1267
3,3,1267
3,3,1267
3,3,1267
3,3,1267
3,3,1267
3,3,1267
3,3,1267
3,3,1267
3,3,1267
3,3,1267
3,3,1267
3,3,1267
3,3,1267
3,3,1267
3,3,1267
3,3,1267
3,3,1267
3,3,1267
3,3,1267
3,3,1267
3,3,1267
3,3,1271
3,3,1278
3,3,1280
3,3,1280
3,3,1280
3,3,1280
3,3,1280
3,3,1280
3,3,1280
3,3,1297
3,3,1298
3,3,1298
3,3,1300
3,3,1300
3,3,1300
3,3,1300
3,3,1300
3,3,1300
3,3,1300
3,3,1300
3,3,1300
3,3,1300
3,3,1300
3,3,1300
3,3,1300
3,3,1300
3,3,1300
3,3,1300
3,3,1300
3,3,1300
3,3,1300
3,3,1300
3,3,1300
3,3,1300
3,3,1300
3,3,1300
3,3,1300
3,3,1300
3,3,1300
3,3,1302
3,3,1302
3,3,1302
3,3,1302
3,3,1302
3,3,1323
3,3,1323
3,3,1323
3,3,1323
3,3,1323
3,3,1323
3,3,1323
3,3,1323
3,3,1325
3,3,1333
3,3,1338
3,3,1346
3,3,1350
3,3,1352
3,3,1356
3,3,1357
3,3,1360
3,3,1360
3,3,1360
3,3,1360
3,3,1360
3,3,1360
3,3,1360
3,3,1360
3,3,1360
3,3,1360
3,3,1360
3,3,1360
3,3,1362
3,3,1366
3,3,1368
3,3,1371
3,3,1371
3,3,1375
3,3,1375
3,3,1375
3,3,1376
3,3,1378
3,3,1380
3,3,1387
3,3,1389
3,3,1389
3,3,1389
3,3,1390
3,3,1390
3,3,1390
3,3,1391
3,3,1393
3,3,1400
3,3,1400
3,3,1400
3,3,1400
3,3,1400
3,3,1400
3,3,1400
3,3,1400
3,3,1405
3,3,1405
3,3,1405
3,3,1405
3,3,1410
3,3,1410
3,3,1422
3,3,1430
3,3,1430
3,3,1433
3,3,1437
3,3,1441
3,3,1442
3,3,1442
3,3,1450
3,3,1453
3,3,1453
3,3,1453
3,3,1453
3,3,1471
3,3,1477
3,3,1480
3,3,1499
3,3,1499
3,3,1500
3,3,1500
3,3,1500
3,3,1500
3,3,1500
3,3,1500
3,3,1500
3,3,1500
3,3,1500
3,3,1500
3,3,1500
3,3,1500
3,3,1500
3,3,1500
3,3,1500
3,3,1518
3,3,1518
3,3,1537
3,3,1540
3,3,1549
3,3,1550
3,3,1550
3,3,1552
3,3,1557
3,3,1557
3,3,1557
3,3,1564
3,3,1565
3,3,1569
3,3,1569
3,3,1570
3,3,1570
3,3,1570
3,3,1574
3,3,1585
3,3,1597
3,3,1600
3,3,1600
3,3,1600
3,3,1600
3,3,1600
3,3,1600
3,3,1600
3,3,1600
3,3,1610
3,3,1610
3,3,1610
3,3,1610
3,3,1610
3,3,1610
3,3,1610
3,3,1610
3,3,1610
3,3,1610
3,3,1610
3,3,1610
3,3,1627
3,3,1627
3,3,1627
3,3,1627
3,3,1637
3,3,1640
3,3,1647
3,3,1650
3,3,1650
3,3,1668
3,3,1669
3,3,1675
3,3,1685
3,3,1690
3,3,1690
3,3,1690
3,3,1700
3,3,1700
3,3,1701
3,3,1701
3,3,1786
3,3,1787
3,3,1799
3,3,1800
3,3,1800
3,3,1800
3,3,1890
3,3,1907
3,3,1927
3,3,2000
3,3,2000
3,3,2028
3,3,2045
3,3,2100
3,3,2132
3,3,2377
3,3,2377
3,3,2400
3,3,2500
3,3,2500
3,3,2500
3,4,1053
3,4,1250
3,4,1250
3,4,1300
3,4,1300
3,4,1400
3,4,1433
3,4,1435
3,4,1515
3,4,1518
3,4,1518
3,4,1518
3,4,1518
3,4,1518
3,4,1518
3,4,1518
3,4,1519
3,4,1580
3,4,1637
3,4,1653
3,4,1700
3,4,1711
3,4,1712
3,4,1717
3,4,1729
3,4,1851
3,4,2000
3,4,2000
3,4,2025
3,4,2200
3,4,2639
3,4,2800
3,4,2800
3,4,2800
3,4,2800
3,4,2800
3,4,2800
3,4,2960
3,4,2960
3,4,3218
3,5,2159
3,5,2197
4,1,720
4,1,800
4,1,800
4,1,800
4,1,1050
4,1,2000
4,2,182
4,2,300
4,2,650
4,2,650
4,2,650
4,2,650
4,2,650
4,2,650
4,2,650
4,2,670
4,2,686
4,2,700
4,2,700
4,2,700
4,2,700
4,2,700
4,2,750
4,2,771
4,2,771
4,2,774
4,2,775
4,2,775
4,2,775
4,2,800
4,2,800
4,2,800
4,2,800
4,2,841
4,2,850
4,2,850
4,2,850
4,2,850
4,2,850
4,2,850
4,2,850
4,2,850
4,2,850
4,2,850
4,2,850
4,2,850
4,2,850
4,2,850
4,2,850
4,2,850
4,2,850
4,2,850
4,2,850
4,2,850
4,2,850
4,2,850
4,2,850
4,2,850
4,2,850
4,2,850
4,2,850
4,2,850
4,2,850
4,2,850
4,2,850
4,2,859
4,2,859
4,2,859
4,2,864
4,2,876
4,2,876
4,2,877
4,2,878
4,2,878
4,2,890
4,2,890
4,2,890
4,2,890
4,2,893
4,2,900
4,2,900
4,2,900
4,2,900
4,2,900
4,2,900
4,2,900
4,2,900
4,2,900
4,2,900
4,2,900
4,2,900
4,2,900
4,2,900
4,2,900
4,2,900
4,2,909
4,2,909
4,2,909
4,2,909
4,2,909
4,2,914
4,2,916
4,2,918
4,2,918
4,2,918
4,2,918
4,2,918
4,2,918
4,2,918
4,2,918
4,2,918
4,2,920
4,2,920
4,2,924
4,2,930
4,2,930
4,2,931
4,2,932
4,2,932
4,2,932
4,2,932
4,2,932
4,2,932
4,2,932
4,2,932
4,2,932
4,2,932
4,2,932
4,2,932
4,2,940
4,2,940
4,2,940
4,2,940
4,2,940
4,2,940
4,2,940
4,2,940
4,2,940
4,2,940
4,2,940
4,2,940
4,2,940
4,2,940
4,2,940
4,2,940
4,2,940
4,2,940
4,2,940
4,2,940
4,2,940
4,2,942
4,2,942
4,2,942
4,2,950
4,2,950
4,2,950
4,2,950
4,2,950
4,2,950
4,2,950
4,2,950
4,2,950
4,2,950
4,2,950
4,2,950
4,2,960
4,2,960
4,2,966
4,2,970
4,2,980
4,2,980
4,2,980
4,2,980
4,2,980
4,2,980
4,2,980
4,2,980
4,2,981
4,2,991
4,2,999
4,2,1000
4,2,1000
4,2,1000
4,2,1000
4,2,1000
4,2,1000
4,2,1000
4,2,1000
4,2,1000
4,2,1000
4,2,1000
4,2,1000
4,2,1000
4,2,1000
4,2,1000
4,2,1000
4,2,1000
4,2,1000
4,2,1000
4,2,1000
4,2,1000
4,2,1000
4,2,1000
4,2,1000
4,2,1000
4,2,1000
4,2,1000
4,2,1000
4,2,1000
4,2,1000
4,2,1000
4,2,1000
4,2,1000
4,2,1000
4,2,1000
4,2,1000
4,2,1000
4,2,1000
4,2,1000
4,2,1000
4,2,1000
4,2,1000
4,2,1000
4,2,1000
4,2,1000
4,2,1000
4,2,1000
4,2,1000
4,2,1000
4,2,1000
4,2,1000
4,2,1000
4,2,1000
4,2,1000
4,2,1000
4,2,1000
4,2,1000
4,2,1000
4,2,1000
4,2,1000
4,2,1000
4,2,1000
4,2,1000
4,2,1000
4,2,1000
4,2,1000
4,2,1000
4,2,1001
4,2,1001
4,2,1001
4,2,1001
4,2,1001
4,2,1001
4,2,1001
4,2,1006
4,2,1007
4,2,1008
4,2,1009
4,2,1016
4,2,1027
4,2,1029
4,2,1030
4,2,1030
4,2,1030
4,2,1030
4,2,1030
4,2,1030
4,2,1030
4,2,1030
4,2,1030
4,2,1030
4,2,1030
4,2,1030
4,2,1037
4,2,1040
4,2,1040
4,2,1049
4,2,1049
4,2,1049
4,2,1050
4,2,1050
4,2,1052
4,2,1055
4,2,1055
4,2,1055
4,2,1055
4,2,1055
4,2,1056
4,2,1059
4,2,1062
4,2,1062
4,2,1062
4,2,1062
4,2,1062
4,2,1062
4,2,1064
4,2,1064
4,2,1065
4,2,1065
4,2,1065
4,2,1065
4,2,1065
4,2,1065
4,2,1065
4,2,1065
4,2,1065
4,2,1065
4,2,1065
4,2,1065
4,2,1065
4,2,1065
4,2,1070
4,2,1070
4,2,1070
4,2,1070
4,2,1075
4,2,1076
4,2,1076
4,2,1080
4,2,1089
4,2,1090
4,2,1094
4,2,1100
4,2,1100
4,2,1100
4,2,1100
4,2,1100
4,2,1100
4,2,1100
4,2,1100
4,2,1100
4,2,1100
4,2,1100
4,2,1100
4,2,1100
4,2,1100
4,2,1100
4,2,1100
4,2,1100
4,2,1100
4,2,1100
4,2,1100
4,2,1100
4,2,1100
4,2,1100
4,2,1100
4,2,1100
4,2,1100
4,2,1100
4,2,1100
4,2,1100
4,2,1101
4,2,1101
4,2,1101
4,2,1101
4,2,1101
4,2,1101
4,2,1101
4,2,1101
4,2,1101
4,2,1101
4,2,1106
4,2,1109
4,2,1109
4,2,1109
4,2,1118
4,2,1118
4,2,1118
4,2,1118
4,2,1120
4,2,1120
4,2,1127
4,2,1127
4,2,1128
4,2,1128
4,2,1128
4,2,1128
4,2,1128
4,2,1128
4,2,1133
4,2,1133
4,2,1133
4,2,1133
4,2,1133
4,2,1133
4,2,1135
4,2,1135
4,2,1142
4,2,1142
4,2,1142
4,2,1142
4,2,1142
4,2,1142
4,2,1142
4,2,1142
4,2,1142
4,2,1142
4,2,1142
4,2,1142
4,2,1142
4,2,1142
4,2,1142
4,2,1142
4,2,1142
4,2,1142
4,2,1142
4,2,1142
4,2,1142
4,2,1142
4,2,1145
4,2,1146
4,2,1148
4,2,1149
4,2,1149
4,2,1150
4,2,1150
4,2,1150
4,2,1150
4,2,1150
4,2,1150
4,2,1154
4,2,1155
4,2,1166
4,2,1166
4,2,1168
4,2,1168
4,2,1173
4,2,1181
4,2,1181
4,2,1181
4,2,1184
4,2,1184
4,2,1184
4,2,1184
4,2,1184
4,2,1184
4,2,1184
4,2,1184
4,2,1184
4,2,1184
4,2,1184
4,2,1184
4,2,1184
4,2,1184
4,2,1184
4,2,1184
4,2,1184
4,2,1184
4,2,1184
4,2,1184
4,2,1184
4,2,1184
4,2,1184
4,2,1184
4,2,1184
4,2,1184
4,2,1184
4,2,1184
4,2,1184
4,2,1184
4,2,1184
4,2,1184
4,2,1184
4,2,1184
4,2,1184
4,2,1184
4,2,1184
4,2,1184
4,2,1184
4,2,1185
4,2,1197
4,2,1200
4,2,1200
4,2,1200
4,2,1200
4,2,1200
4,2,1200
4,2,1200
4,2,1200
4,2,1200
4,2,1200
4,2,1200
4,2,1200
4,2,1200
4,2,1200
4,2,1200
4,2,1200
4,2,1200
4,2,1200
4,2,1200
4,2,1200
4,2,1200
4,2,1200
4,2,1200
4,2,1200
4,2,1200
4,2,1200
4,2,1200
4,2,1200
4,2,1206
4,2,1219
4,2,1219
4,2,1219
4,2,1219
4,2,1219
4,2,1219
4,2,1224
4,2,1224
4,2,1227
4,2,1227
4,2,1228
4,2,1228
4,2,1230
4,2,1230
4,2,1234
4,2,1235
4,2,1236
4,2,1236
4,2,1238
4,2,1238
4,2,1238
4,2,1238
4,2,1238
4,2,1240
4,2,1245
4,2,1246
4,2,1246
4,2,1246
4,2,1246
4,2,1246
4,2,1246
4,2,1246
4,2,1246
4,2,1250
4,2,1250
4,2,1250
4,2,1250
4,2,1250
4,2,1250
4,2,1250
4,2,1250
4,2,1250
4,2,1250
4,2,1250
4,2,1250
4,2,1250
4,2,1250
4,2,1250
4,2,1252
4,2,1255
4,2,1255
4,2,1257
4,2,1257
4,2,1257
4,2,1257
4,2,1259
4,2,1259
4,2,1260
4,2,1262
4,2,1265
4,2,1266
4,2,1266
4,2,1267
4,2,1268
4,2,1268
4,2,1268
4,2,1269
4,2,1269
4,2,1269
4,2,1269
4,2,1269
4,2,1270
4,2,1272
4,2,1272
4,2,1272
4,2,1272
4,2,1272
4,2,1272
4,2,1272
4,2,1272
4,2,1272
4,2,1272
4,2,1272
4,2,1272
4,2,1272
4,2,1272
4,2,1272
4,2,1272
4,2,1272
4,2,1272
4,2,1272
4,2,1275
4,2,1275
4,2,1275
4,2,1278
4,2,1280
4,2,1280
4,2,1286
4,2,1288
4,2,1291
4,2,1295
4,2,1297
4,2,1297
4,2,1297
4,2,1297
4,2,1297
4,2,1297
4,2,1297
4,2,1298
4,2,1300
4,2,1300
4,2,1300
4,2,1300
4,2,1300
4,2,1300
4,2,1300
4,2,1300
4,2,1300
4,2,1300
4,2,1300
4,2,1300
4,2,1300
4,2,1300
4,2,1300
4,2,1300
4,2,1300
4,2,1300
4,2,1300
4,2,1307
4,2,1307
4,2,1307
4,2,1313
4,2,1313
4,2,1313
4,2,1313
4,2,1313
4,2,1313
4,2,1313
4,2,1313
4,2,1313
4,2,1313
4,2,1313
4,2,1317
4,2,1325
4,2,1328
4,2,1328
4,2,1332
4,2,1332
4,2,1333
4,2,1333
4,2,1333
4,2,1341
4,2,1341
4,2,1341
4,2,1341
4,2,1341
4,2,1341
4,2,1341
4,2,1345
4,2,1345
4,2,1345
4,2,1350
4,2,1350
4,2,1350
4,2,1350
4,2,1364
4,2,1364
4,2,1366
4,2,1366
4,2,1366
4,2,1366
4,2,1366
4,2,1366
4,2,1366
4,2,1366
4,2,1366
4,2,1366
4,2,1366
4,2,1366
4,2,1366
4,2,1366
4,2,1366
4,2,1366
4,2,1366
4,2,1366
4,2,1367
4,2,1369
4,2,1393
4,2,1394
4,2,1396
4,2,1396
4,2,1396
4,2,1396
4,2,1396
4,2,1396
4,2,1396
4,2,1396
4,2,1396
4,2,1396
4,2,1396
4,2,1396
4,2,1396
4,2,1396
4,2,1396
4,2,1400
4,2,1400
4,2,1400
4,2,1400
4,2,1400
4,2,1400
4,2,1400
4,2,1400
4,2,1400
4,2,1400
4,2,1400
4,2,1400
4,2,1400
4,2,1400
4,2,1400
4,2,1400
4,2,1400
4,2,1400
4,2,1400
4,2,1400
4,2,1400
4,2,1400
4,2,1400
4,2,1411
4,2,1415
4,2,1415
4,2,1420
4,2,1421
4,2,1422
4,2,1427
4,2,1434
4,2,1434
4,2,1434
4,2,1434
4,2,1434
4,2,1434
4,2,1434
4,2,1434
4,2,1434
4,2,1434
4,2,1442
4,2,1442
4,2,1450
4,2,1450
4,2,1450
4,2,1450
4,2,1450
4,2,1450
4,2,1450
4,2,1450
4,2,1450
4,2,1450
4,2,1450
4,2,1450
4,2,1453
4,2,1465
4,2,1465
4,2,1479
4,2,1480
4,2,1488
4,2,1496
4,2,1500
4,2,1500
4,2,1500
4,2,1500
4,2,1500
4,2,1500
4,2,1500
4,2,1500
4,2,1500
4,2,1500
4,2,1505
4,2,1513
4,2,1528
4,2,1550
4,2,1550
4,2,1550
4,2,1570
4,2,1590
4,2,1600
4,2,1600
4,2,1600
4,2,1600
4,2,1600
4,2,1643
4,2,1650
4,2,1650
4,2,1700
4,2,1784
4,2,1784
4,2,1784
4,2,1784
4,2,1785
4,2,1890
4,2,1900
4,2,1900
4,2,1910
4,2,2000
4,2,3218
4,3,2
4,3,753
4,3,753
4,3,842
4,3,958
4,3,982
4,3,999
4,3,1000
4,3,1000
4,3,1000
4,3,1000
4,3,1000
4,3,1000
4,3,1000
4,3,1023
4,3,1027
4,3,1027
4,3,1027
4,3,1027
4,3,1029
4,3,1030
4,3,1033
4,3,1035
4,3,1035
4,3,1035
4,3,1054
4,3,1055
4,3,1055
4,3,1055
4,3,1055
4,3,1055
4,3,1055
4,3,1064
4,3,1065
4,3,1065
4,3,1065
4,3,1065
4,3,1098
4,3,1100
4,3,1100
4,3,1100
4,3,1100
4,3,1116
4,3,1118
4,3,1118
4,3,1152
4,3,1152
4,3,1170
4,3,1173
4,3,1181
4,3,1184
4,3,1184
4,3,1184
4,3,1184
4,3,1184
4,3,1184
4,3,1184
4,3,1184
4,3,1184
4,3,1200
4,3,1200
4,3,1200
4,3,1200
4,3,1200
4,3,1200
4,3,1200
4,3,1200
4,3,1200
4,3,1200
4,3,1200
4,3,1200
4,3,1200
4,3,1200
4,3,1200
4,3,1200
4,3,1200
4,3,1200
4,3,1200
4,3,1200
4,3,1200
4,3,1200
4,3,1200
4,3,1200
4,3,1200
4,3,1221
4,3,1227
4,3,1228
4,3,1231
4,3,1233
4,3,1233
4,3,1233
4,3,1235
4,3,1250
4,3,1250
4,3,1250
4,3,1250
4,3,1253
4,3,1257
4,3,1259
4,3,1260
4,3,1260
4,3,1261
4,3,1262
4,3,1262
4,3,1262
4,3,1262
4,3,1264
4,3,1264
4,3,1264
4,3,1264
4,3,1264
4,3,1264
4,3,1264
4,3,1264
4,3,1267
4,3,1267
4,3,1268
4,3,1268
4,3,1268
4,3,1268
4,3,1268
4,3,1270
4,3,1280
4,3,1280
4,3,1280
4,3,1280
4,3,1280
4,3,1281
4,3,1285
4,3,1285
4,3,1285
4,3,1285
4,3,1285
4,3,1290
4,3,1292
4,3,1292
4,3,1292
4,3,1300
4,3,1300
4,3,1300
4,3,1300
4,3,1300
4,3,1300
4,3,1300
4,3,1300
4,3,1300
4,3,1300
4,3,1300
4,3,1300
4,3,1303
4,3,1304
4,3,1310
4,3,1312
4,3,1312
4,3,1312
4,3,1312
4,3,1312
4,3,1312
4,3,1312
4,3,1312
4,3,1312
4,3,1314
4,3,1314
4,3,1316
4,3,1316
4,3,1317
4,3,1317
4,3,1317
4,3,1317
4,3,1317
4,3,1317
4,3,1317
4,3,1317
4,3,1317
4,3,1317
4,3,1317
4,3,1317
4,3,1317
4,3,1323
4,3,1323
4,3,1323
4,3,1325
4,3,1328
4,3,1335
4,3,1342
4,3,1345
4,3,1345
4,3,1350
4,3,1350
4,3,1352
4,3,1356
4,3,1356
4,3,1360
4,3,1360
4,3,1362
4,3,1362
4,3,1362
4,3,1362
4,3,1362
4,3,1362
4,3,1362
4,3,1362
4,3,1362
4,3,1362
4,3,1362
4,3,1362
4,3,1362
4,3,1363
4,3,1366
4,3,1366
4,3,1366
4,3,1368
4,3,1368
4,3,1375
4,3,1380
4,3,1380
4,3,1385
4,3,1385
4,3,1385
4,3,1389
4,3,1391
4,3,1396
4,3,1396
4,3,1396
4,3,1398
4,3,1398
4,3,1398
4,3,1400
4,3,1400
4,3,1400
4,3,1400
4,3,1400
4,3,1400
4,3,1400
4,3,1400
4,3,1400
4,3,1400
4,3,1400
4,3,1400
4,3,1400
4,3,1400
4,3,1400
4,3,1400
4,3,1406
4,3,1408
4,3,1422
4,3,1422
4,3,1424
4,3,1424
4,3,1424
4,3,1425
4,3,1425
4,3,1425
4,3,1425
4,3,1427
4,3,1434
4,3,1434
4,3,1434
4,3,1440
4,3,1441
4,3,1442
4,3,1442
4,3,1444
4,3,1447
4,3,1450
4,3,1450
4,3,1450
4,3,1454
4,3,1460
4,3,1460
4,3,1460
4,3,1475
4,3,1475
4,3,1475
4,3,1477
4,3,1477
4,3,1480
4,3,1491
4,3,1492
4,3,1496
4,3,1496
4,3,1498
4,3,1500
4,3,1500
4,3,1500
4,3,1500
4,3,1500
4,3,1500
4,3,1500
4,3,1500
4,3,1500
4,3,1500
4,3,1500
4,3,1500
4,3,1500
4,3,1500
4,3,1500
4,3,1500
4,3,1500
4,3,1500
4,3,1500
4,3,1500
4,3,1500
4,3,1500
4,3,1500
4,3,1500
4,3,1500
4,3,1500
4,3,1507
4,3,1508
4,3,1510
4,3,1510
4,3,1518
4,3,1518
4,3,1518
4,3,1518
4,3,1518
4,3,1523
4,3,1540
4,3,1546
4,3,1546
4,3,1546
4,3,1548
4,3,1550
4,3,1552
4,3,1552
4,3,1556
4,3,1557
4,3,1557
4,3,1560
4,3,1560
4,3,1570
4,3,1580
4,3,1590
4,3,1593
4,3,1593
4,3,1593
4,3,1593
4,3,1597
4,3,1598
4,3,1598
4,3,1600
4,3,1600
4,3,1600
4,3,1600
4,3,1600
4,3,1600
4,3,1600
4,3,1600
4,3,1600
4,3,1610
4,3,1614
4,3,1615
4,3,1630
4,3,1632
4,3,1645
4,3,1647
4,3,1647
4,3,1647
4,3,1650
4,3,1660
4,3,1670
4,3,1670
4,3,1685
4,3,1687
4,3,1690
4,3,1690
4,3,1691
4,3,1700
4,3,1700
4,3,1700
4,3,1700
4,3,1700
4,3,1700
4,3,1700
4,3,1700
4,3,1700
4,3,1711
4,3,1712
4,3,1714
4,3,1719
4,3,1740
4,3,1750
4,3,1787
4,3,1792
4,3,1798
4,3,1800
4,3,1800
4,3,1800
4,3,1800
4,3,1826
4,3,1838
4,3,1890
4,3,1890
4,3,1890
4,3,1893
4,3,1897
4,3,1900
4,3,1905
4,3,1909
4,3,1909
4,3,1910
4,3,1910
4,3,1920
4,3,1973
4,3,1986
4,3,2000
4,3,2000
4,3,2000
4,3,2000
4,3,2029
4,3,2067
4,3,2068
4,3,2068
4,3,2068
4,3,2068
4,3,2080
4,3,2080
4,3,2080
4,3,2100
4,3,2100
4,3,2150
4,3,2150
4,3,2150
4,3,2156
4,3,2174
4,3,2174
4,3,2200
4,3,2200
4,3,2300
4,3,2377
4,3,2400
4,3,2400
4,3,2400
4,3,2411
4,3,2570
4,3,2700
4,3,3000
4,3,3174
4,4,850
4,4,1200
4,4,1250
4,4,1250
4,4,1290
4,4,1290
4,4,1297
4,4,1302
4,4,1302
4,4,1380
4,4,1381
4,4,1440
4,4,1449
4,4,1450
4,4,1473
4,4,1483
4,4,1496
4,4,1500
4,4,1500
4,4,1500
4,4,1518
4,4,1532
4,4,1544
4,4,1550
4,4,1550
4,4,1550
4,4,1550
4,4,1573
4,4,1573
4,4,1587
4,4,1605
4,4,1615
4,4,1615
4,4,1632
4,4,1632
4,4,1659
4,4,1659
4,4,1668
4,4,1668
4,4,1700
4,4,1710
4,4,1714
4,4,1776
4,4,1792
4,4,1800
4,4,1800
4,4,1804
4,4,1819
4,4,1826
4,4,1873
4,4,1873
4,4,1883
4,4,1896
4,4,1900
4,4,1905
4,4,1927
4,4,1933
4,4,2022
4,4,2092
4,4,2095
4,4,2100
4,4,2178
4,4,2178
4,4,2195
4,4,2200
4,4,2200
4,4,2238
4,4,2257
4,4,2276
4,4,2400
4,4,2400
4,4,2400
4,4,2400
4,4,2400
4,4,2400
4,4,2400
4,4,2433
4,4,2500
4,4,2500
4,4,2500
4,4,2529
4,4,2573
4,4,2573
4,4,2600
4,4,2600
4,4,2600
4,4,2680
4,4,2680
4,4,2707
4,4,3000
4,4,3000
4,4,3067
4,4,3067
4,4,3075
4,4,3080
4,4,3218
4,4,3218
4,4,3218
4,4,3283
4,4,3400
4,4,3713
4,5,1557
4,5,1800
4,5,1804
4,5,1804
4,5,1804
4,5,1804
4,5,1841
4,5,1841
4,5,1891
4,5,1899
4,5,1911
4,5,2000
4,5,2000
4,5,2174
4,5,2336
4,5,2343
4,5,2415
4,5,2645
4,5,2850
4,5,2887
4,5,2900
4,5,2900
4,5,3150
4,5,3150
4,5,3150
4,5,3150
4,5,3150
4,5,3150
4,5,3150
4,5,3218
4,5,3223
4,5,3223
4,5,3320
4,5,3337
4,5,3340
4,5,3650
4,5,4356
4,5,5000
4,5,5000
4,6,7506
5,1,900
5,1,900
5,1,1100
5,2,150
5,2,180
5,2,650
5,2,650
5,2,650
5,2,842
5,2,850
5,2,855
5,2,888
5,2,950
5,2,1000
5,2,1100
5,2,1100
5,2,1194
5,2,1219
5,2,1228
5,2,1228
5,2,1228
5,2,1300
5,2,1300
5,2,1340
5,2,1364
5,2,1500
5,2,1500
5,2,1500
5,2,1500
5,2,1500
5,2,1500
5,2,1500
5,2,1500
5,2,1500
5,2,1500
5,2,1690
5,3,990
5,3,1050
5,3,1050
5,3,1050
5,3,1050
5,3,1092
5,3,1100
5,3,1100
5,3,1114
5,3,1140
5,3,1200
5,3,1313
5,3,1400
5,3,1404
5,3,1498
5,3,1600
5,3,1900
5,3,1902
5,3,1909
5,3,1977
5,3,2000
5,3,2096
5,3,2100
5,3,2185
5,3,2185
5,3,2200
5,3,2200
5,3,2400
5,3,2480
5,3,3700
5,3,4000
5,3,4012
5,4,910
5,4,1485
5,4,1614
5,4,1830
5,4,1830
5,4,1900
5,4,1945
5,4,2056
5,4,2440
5,4,2800
5,4,2850
5,4,4098
5,5,1830
5,5,2266
5,5,2266
5,5,2266
5,5,2266
5,5,2315
5,5,3143
5,6,1842
5,6,2767
5,6,2906
5,6,3041
5,7,3488
6,2,1300
6,2,1313
6,3,20
6,3,1400
6,3,1400
6,3,1400
6,3,1400
6,3,1400
6,3,1410
6,3,2300
6,4,2178
6,4,2700
6,5,2497
6,5,2562
6,5,2562
6,5,3400
6,5,4300
6,5,4300
6,6,2700
6,6,5000
6,6,6067
6,8,4915
6,8,4915
7,2,1900
7,6,3048
7,7,3488
7,7,3488
7,7,3488
7,7,3488
7,7,3488
7,7,7800
9,2,900
9,2,1538
10,2,1000
